ja,zh_Hans
愚者,愚者
魔術師,魔术师
女教皇,女教皇
女帝,女皇
皇帝,皇帝
法王,教皇
恋愛,恋爱
戦車,战车
正義,正义
隠者,隐者
運命,命运
剛毅,力量
刑死者,倒悬者
死神,死神
節制,节制
悪魔,恶魔
塔,塔
星,星
月,月亮
太陽,太阳
審判,审判
永劫,永劫
世界,世界
信念,信念
顧問官,顾问官
アギ,亚基
アギラオ,亚基拉欧
アギダイン,亚基达因
マハラギ,玛哈拉基
マハラギオン,玛哈拉基翁
マハラギダイン,玛哈拉基达因
火炎玉,火焰珠
グングン玉,强势珠
ブフ,布芙
ブフーラ,布芙拉
ブフダイン,布芙达因
マハブフ,玛哈布芙
マハブフーラ,玛哈布芙拉
マハブフダイン,玛哈布芙达因
氷結玉,冰冻珠
メギドラオン,米吉多拉翁
ガル,加尔
ガルーラ,加尔拉
ガルダイン,加尔达因
マハガル,玛哈加尔
マハガルーラ,玛哈加尔拉
マハガルダイン,玛哈加尔达因
疾風玉,疾风珠
祝福玉,祝福珠
呪怨玉,咒怨珠
ジオ,吉欧
ジオンガ,吉欧加
ジオダイン,吉欧达因
マハジオ,玛哈吉欧
マハジオンガ,玛哈吉欧加
マハジオダイン,玛哈吉欧达因
電撃玉,电击珠
金の雨,钱雨
ハマ,哈玛
ハマオン,哈玛翁
マハンマ,玛翰玛
マハンマオン,玛翰玛翁
コウハ,克哈
コウガ,克加
コウガオン,克加翁
マハコウハ,玛哈克哈
マハコウガ,玛哈克加
マハコウガオン,玛哈克加翁
ムド,姆多
ムドオン,姆多翁
マハムド,玛哈姆多
マハムドオン,玛哈姆多翁
エイハ,耶哈
エイガ,耶加
エイガオン,耶加翁
マハエイハ,玛哈耶哈
マハエイガ,玛哈耶加
マハエイガオン,玛哈耶加翁
メギド,米吉多
メギドラ,米吉多拉
フレイ,芙雷
フレイラ,芙雷拉
フレイダイン,芙雷达因
マハフレイ,玛哈芙雷
マハフレイラ,玛哈芙雷拉
マハフレイダイン,玛哈芙雷达因
核熱玉,核热珠
目眩し,致盲
闇夜の閃光,黑夜闪光
プリンパ,普林帕
テンタラフー,颠塔拉弗
デビルタッチ,恶魔之触
デビルスマイル,恶魔微笑
マカジャマ,玛卡加玛
マカジャマオン,玛卡加玛翁
飢餓の吐息,饥饿气息
飢餓の叫び,饥饿吼叫
ドルミナー,永眠
スリープソング,摇篮曲
挑発,挑衅
宣戦布告,宣战布告
不吉な言葉,不吉的话语
奈落の波動,深渊的波动
マリンカリン,马琳卡琳
ブレインジャック,精神污染
フクロノネズミ,袋中鼠
念動玉,念动珠
自爆,自爆
吸血,吸血
吸魔,吸魔
超吸血,强力吸血
超吸魔,强力吸魔
カジャ分捕り  未実装,卡加夺取  未实作
ブランク,空栏
淀んだ吐息,污秽吐息
淀んだ空気,污秽空气
逆なで,狂怒
亡者の嘆き,亡者喟叹
ラヴェ用総攻撃,拉雯妲用总攻击
吸収,吸收
打ち上げ,烟花
特大花火,特大烟花
ドリフト,甩尾
インフェルノ,炼狱
大炎上,大燃烧
低確率で炎上付着,低概率附着燃烧
中確率で炎上付着,中概率附着燃烧
高確率で炎上付着,高概率附着燃烧
低確率で凍結付着,低概率附着冻结
中確率で凍結付着,中概率附着冻结
高確率で凍結付着,高概率附着冻结
低確率で感電付着,低概率附着触电
中確率で感電付着,中概率附着触电
ダイアモンドダスト,钻石星尘
大氷河期,大冰河时期
高確率で感電付着,高概率附着触电
低確率で目眩付着,低概率附着晕眩
中確率で目眩付着,中概率附着晕眩
高確率で目眩付着,高概率附着晕眩
低確率で混乱付着,低概率附着混乱
中確率で混乱付着,中概率附着混乱
高確率で混乱付着,高概率附着混乱
低確率で恐怖付着,低概率附着恐惧
万物流転,万物流转
真空波,真空波
中確率で恐怖付着,中概率附着恐惧
高確率で恐怖付着,高概率附着恐惧
低確率で忘却付着,低概率附着遗忘
中確率で忘却付着,中概率附着遗忘
高確率で忘却付着,高概率附着遗忘
低確率で洗脳付着,低概率附着洗脑
中確率で洗脳付着,中概率附着洗脑
高確率で洗脳付着,高概率附着洗脑
真理の雷,真理之雷
エル・ジハード,崇高圣战
低確率で睡眠付着,低概率附着睡眠
中確率で睡眠付着,中概率附着睡眠
高確率で睡眠付着,高概率附着睡眠
低確率で激怒付着,低概率附着狂怒
中確率で激怒付着,中概率附着狂怒
高確率で激怒付着,高概率附着狂怒
低確率で絶望付着,低概率附着绝望
中確率で絶望付着,中概率附着绝望
神の審判,神之审判
回転説法,回转讲道
高確率で絶望付着,高概率附着绝望
稀に全バステ効果,偶尔附着全异常状态效果
時々全バステ効果,有时附着全异常状态效果
頻繁に全バステ効果,频繁附着全异常状态效果
アダムスキル1,亚当技能1
魂の活性,灵魂活性
大いなる掌,宏伟大掌
渾身の一撃,全力一击
悪魔の審判,恶魔审判
死んでくれる？,可以为我而死吗？
サポートプラス3,支援PLUS3
サポートプラス2,支援PLUS2
サポートプラス1,支援PLUS1
サポート頻度UP,支援频率UP
アトミックフレア,原子火焰
コズミックフレア,宇宙火焰
マインドフルネス,正念疗法
ウェイクフルネス,清醒疗法
漆黒の蛇,漆黑之蛇
明けの明星,拂晓明星
深淵の眼,深渊之眼
王者の盃,王者之杯
搾取の偽画,剥削的假画
金庫の番人,金库看守者
知性の翼,才智的羽翼
社長の心得,社长诀窍
勝負師の先見,赌徒的预测
黒幕の威令,幕后黑手的威令
サイ,赛
サイオ,赛欧
サイダイン,赛达因
マハサイ,玛哈赛
マハサイオ,玛哈赛欧
マハサイダイン,玛哈赛达因
攻撃態勢,攻击姿态
サイコキネシス,念动波
サイコフォース,念动力
万象の力,万象之力
突撃,突击
アサルトダイブ,俯冲突击
メガトンレイド,百万吨袭击
ゴッドハンド,神之手
ラッキーパンチ,幸运拳
ミラクルパンチ,奇迹拳
キルラッシュ,杀戮突袭
ガトリングブロー,加特林重击
貫徹する魔手,贯彻的魔手
スラッシュ,斩击
大切断,大斩断
ブレイブザッパー,勇气之击
剣の舞,剑之舞
聖母の慈愛,圣母的慈爱
八艘跳び,八艘跳跃
マイムール,巴力神矛
デスサイズカット,死神大镰斩
曲解の防御弱体,曲解的防御弱化
会話クエスト用召喚,会话任务用召唤
窮鼠の牙,穷鼠之牙
レイズスラッシュ,加倍斩击
死亡遊戯,死亡游戏
核熱の爆砕,核热爆碎
指弾,指弹
トリプルダウン,三连倒
ワンショットキル,一枪毙命
至高の魔弾,至高魔弹
ダブルシュート,双重射击
原初の光,初始之光
金剛発破,金刚发破
空間殺法,空间杀法
曲解の攻撃強化,曲解的攻击强化
曲解のチャージ,曲解的蓄力
曲解のコンセン,曲解的专心
烈風波,烈风波
ヒートウェイブ,灼热波浪
ギガントマキア,巨人之战
渦巻く念動,翻腾的念动
覇王の粛清,霸王肃清
ガッポリ玉,抢钱珠
暴れまくり,横冲直撞
電光石火,电光石火
デスバウンド,死亡界限
アグネヤストラ,火神之击
丸城相性変化,丸喜耐性变化
自己再生,自我再生
覇王の審判,霸王审判
二連牙,二连牙
パワースラッシュ,威力斩击
無形の守り,无形守护
五月雨斬り,五月雨斩
刹那五月雨斬り,刹那五月雨斩
蛮力の増幅,蛮力增幅
魔性の増幅,魔性增幅
降り注ぐ種子,天降种子
流れ込む生気,活力灌注
ゾーン,心境
スレッジハンマー,烈击巨锤
脳天落とし,倒栽痛击
テラークロウ,骇鸦
ヘッドバット,头锤
ストマックブロー,胃部拳击
夢見針,织梦针
ヒステリービンタ,歇斯底里掌掴
ネガティブパイル,负面意识堆栈
ブレインシェイク,头脑震撼
アタック,攻击
フラッシュボム,闪光炸弹
マインドスライス,心念切断
血祭り,血祭
忘殺ラッシュ,忘杀突袭
飽くなき渇き,无穷饥渴
ドルミンラッシュ,永眠突袭
鬼神楽,鬼神乐
バッドビート,绝望敲打
ブレインバスター,碎脑击
レーヴァテイン,烈焰魔剑
ハンドガン,手枪
ショットガン,霰弹枪
パチンコ,弹弓
マシンガン,机关枪
アサルトライフル,突击步枪
リボルバー,左轮手枪
グレネードランチャー,榴弹枪
レーザーガン,激光枪
アンティークライフル,古董步枪
万魔の構え,万魔之势
闘魂注入,斗魂灌注
ミラクルラッシュ,奇迹突袭
チェックメイト,棋高一着
百花繚乱,百花缭乱
ハイテンション,血脉偾张
究極サポート,究极支援
生命の壁,生命障壁
反逆の刃,反抗之刃
マスカレイド,化妆舞会
先導の触手,先行的触手
ディア,迪亚
ディアラマ,迪亚拉玛
ディアラハン,迪亚拉翰
ブレイブステップ,勇气步伐
丸城パンチ,丸喜铁拳
メディア,梅迪亚
メディラマ,梅迪拉玛
メディアラハン,梅迪亚拉翰
非情の衝撃,无情冲击
呪撃刑,咒击刑
リカーム,利卡姆
サマリカーム,萨玛利卡姆
リカームドラ,利卡姆多拉
探偵の具眼,侦探的具眼
名探偵の達眼,名侦探的慧眼
アムリタドロップ,甘露水滴
アムリタシャワー,甘露之雨
光撃刑,光击刑
メシアライザー,救世主之愈
核撃刑,核击刑
念撃刑,念击刑
オラオーラ,喧哗
嵐の刑,暴风刑
潜伏,潜伏
電の刑,电击刑
パトラ,帕特拉
氷殺刑,冰杀刑
エナジーシャワー,能量浴
エナジードロップ,能量水滴
バイスディ,拜斯堤
メパトラ,梅帕特拉
マハバイスディ,玛哈拜斯堤
チャージ玉,蓄力珠
コンセントレイト玉,专心致志珠
業火刑,业火刑
タルカジャ,塔尔卡加
ラクカジャ,拉库卡加
スクカジャ,斯库卡加
ヒートライザ,灼热奋起
銃殺刑,枪杀刑
マハタルカジャ,玛哈塔尔卡加
マハラクカジャ,玛哈拉库卡加
マハスクカジャ,玛哈斯库卡加
テルモピュライ,炽热之门
斬首刑,斩首刑
タルンダ,塔伦达
ラクンダ,拉坤达
スクンダ,斯坤达
ランダマイザ,女巫诅咒
4体召喚,召唤4名
マハタルンダ,玛哈塔伦达
マハラクンダ,玛哈拉坤达
マハスクンダ,玛哈斯坤达
アナライズ,分析
デクンダ,迪坤达
デカジャ,迪卡加
はじけ飛んだ!,弹飞啦！
獅身女の壊腕,狮身女坏腕
チャージ,蓄力
コンセントレイト,专心致志
急降下,急速俯冲
始末報酬増額,完成报酬增加
護衛報酬増額,护卫报酬增加
リベリオン,反叛
レボリューション,革命
特別護衛契約,特别护卫契约
虚飾の日本画の世界,虚荣的日本画世界
テトラカーン,提特拉康
マカラカーン,玛卡拉康
テトラジャ,提特拉加
怒りのテイスティング,怒意的品鉴
本物の贋作,真迹的赝品
テトラブレイク,提特拉破坏
マカラブレイク,玛卡拉破坏
愛の調教スパイク,爱的调教尖刺
ヤヨイ追撃,弥生追击
ヤヨイ・銃追撃用,弥生·枪追击用
防炎の壁,防炎之壁
防氷の壁,防冰之壁
防電の壁,防电之壁
防嵐の壁,防岚之壁
火炎ガードキル,消除火焰防御
氷結ガードキル,消除冰冻防御
疾風ガードキル,消除疾风防御
電撃ガードキル,消除电击防御
トラフーリ,特拉芙里
トラエスト,特拉埃斯特
アクティブバリア,主动护罩
防核の壁,防核之壁
防念の壁,防念之壁
核熱ガードキル,消除核热防御
念動ガードキル,消除念动防御
総攻撃・Lv1,总攻击·Lv1
総攻撃・Lv2,总攻击·Lv2
総攻撃・Lv3,总攻击·Lv3
緊急離脱,紧急脱离
ダウンショット,一枪倒地
召喚,召唤
救援要請,救援请求
アウトロウ攻撃,恶徒攻击
ばらまき,散播
フォロークラッシュ,冲撞追击
フォロークロウ,爪追击
フォローウィップ,鞭追击
フォローブレード,刀追击
フォローナックル,拳追击
フォローアクス,战斧追击
フォローサーベル,军刀追击
アイテム廃棄,丢弃道具
敵を回復,恢复敌方
死亡(絶望),死亡(绝望)
仲間1・強化追撃用,同伴1·强化追击用
仲間2・強化追撃用,同伴2·强化追击用
仲間3・強化追撃用,同伴3·强化追击用
仲間4・強化追撃用,同伴4·强化追击用
仲間5・強化追撃用,同伴5·强化追击用
仲間6・強化追撃用,同伴6·强化追击用
仲間7・強化追撃用,同伴7·强化追击用
敵を強化,强化敌方
情報奪取,夺取情报
支援マハタルカジャ,支援玛哈塔尔卡加
支援マハラクカジャ,支援玛哈拉库卡加
支援マハスクカジャ,支援玛哈斯库卡加
支援全カジャ,支援全卡加
支援チャージ,支援蓄力
支援全員HP3割回復,支援恢复全员3成HP
支援全員SP1割回復,支援恢复全员1成SP
支援逃走経路確保,支援确保脱逃路线
支援サードアイ,支援第三只眼
サブリカバーHP,辅助恢复HP
サブリカバーSP,辅助恢复SP
ハイ・アナライズ,高阶分析
フル・アナライズ,彻底分析
総攻撃,总攻击
風塵,风尘
舌振り回し,舌头甩击
ムチ叩き,鞭打
杏人形しゃぶり,舔舐杏人偶
精力増強,增强精力
金のナイフ,金小刀
舌舐め,舌头舔舐
金メダル級スパイク,金牌扣杀
バレーボールアタック,排球攻击
辻風,旋风
炎舞,炎舞
雪音,雪音
迅雷,迅雷
空腹全体魔法,全体饥饿魔法
対人バルカン,对人火神炮
ミサイル・パーティー,导弹派对
フィアー・ガス,恐惧瓦斯
超V・I・Pフォーム,超V·I·P形态
大怪球マーチ,大怪球行进
羽撃き,羽翼攻击
急上昇,急速上升
獅身女の猛撃,狮身女猛击
戦慄の絶叫,战栗尖叫
噛みつき,咬啮
修復,修复
美しき日本画の世界,美丽的日本画世界
出勤命令,出勤命令
自爆指令,自爆指令
滅私奉公,灭私奉公
ペナルティ,惩罚
コイン攻撃全体,全体硬币攻击
一刀両断,一刀两断
ガトリング砲,加特林炮
狂戦士の舞,狂战士之舞
ルーレット:HP,轮盘：HP
ルーレット:SP,轮盘：SP
ルーレット:お金,轮盘：钱
ルーレット:補助1,轮盘：辅助1
ルーレット:補助2,轮盘：辅助2
ルーレット:補助3,轮盘：辅助3
王獣の一撃,王兽一击
狩りの構え,狩猎姿态
王獣の壊腕,王兽坏腕
翼獣の呼吸,翼兽呼吸
王翼の吐光,王翼吐光
砲撃,炮击
砲弾の雨,炮弹之雨
魔光の収束,魔光聚集
王墓の魔砲,王墓魔炮
覇王の拳,霸王拳
覇王の眼光,霸王眼光
覇王の波動,霸王波动
無花果の実,无花果果实
傷薬,伤药
軟膏薬,软膏
ヒールゼリー,治疗凝胶
魔石,魔石
宝玉,宝玉
お徳用傷薬セット,超值伤药组合
緊急医療キット,紧急医疗包
マカの葉,马卡叶
宝玉輪,宝玉环
ソウルドロップ,灵魂糖果
スナフソウル,灵魂鼻烟壶
チューインソウル,灵魂口香糖
ソウルフード,灵魂食品
地返しの玉,返地玉
反魂香,返魂香
ロイヤルゼリー,蜂王浆
オーガニックハーブ,有机草药
ディスクローズ,揭露丸
精神安定剤,精神安定剂
ソウ・ルアク,索·麝香猫
カエレール,回家轨道
ドロン玉,遁逃弹
ソーマ,苏摩
アムリタソーダ,甘露汽水
ヒランヤ,六芒星
マッスルドリンコ,肌肉饮料
ミステリーフード,神秘食品
スメルグレイビー,香气卤汁
黄昏の羽根,黄昏羽翼
魔反鏡,魔反镜
物反鏡,物反镜
乾坤圏,乾坤圈
スレイプニル,斯雷普尼尔
黒曜石の鏡,黑曜石之镜
お清めの水,清净之水
お清めの塩,清净之盐
ロケット花火,冲天炮
三寸玉,三寸玉
角氷,冰块
ドライアイス,干冰
風車,风车
弥七,弥七
デンデン太鼓,拨浪鼓
テスラコイル,特斯拉线圈
風船爆弾,气球炸弹
せがき米,施饿鬼米
呪殺ペーパー,咒杀纸
猛火の勾玉,猛火勾玉
暴風の勾玉,暴风勾玉
極寒の勾玉,极寒勾玉
万雷の勾玉,万雷勾玉
ホムンクルス,人造人
解除薬,解除药
コウガ玉仮,假克加弹
マハコウハ玉仮,假玛哈克哈弹
ジェガ玉仮,假杰卡弹
マハジェド玉仮,假玛哈杰多弹
サイオ玉仮,假赛欧弹
マハサイ玉仮,假玛哈赛弹
フレイラ玉仮,假芙雷拉弹
マハフレイ玉仮,假玛哈芙雷弹
核熱の勾玉,核热勾玉
念動の勾玉,念动勾玉
祝福の勾玉,祝福勾玉
呪怨の勾玉,咒怨勾玉
料理,料理
お菓子,零食
ジュース1,果汁1
ジュース2,果汁2
ジュース3,果汁3
ジューサーバー1,果汁吧台1
ジューサーバー2,果汁吧台2
ジューサーバー3,果汁吧台3
ジューサーバー4,果汁吧台4
栄養ドリンク1,营养饮料1
栄養ドリンク2,营养饮料2
栄養ドリンク3,营养饮料3
缶ジュース1,罐装果汁1
缶ジュース2,罐装果汁2
缶ジュース3,罐装果汁3
缶ジュース4,罐装果汁4
ミリメシ1,军粮1
ミリメシ2,军粮2
ミリメシ3,军粮3
ドラッグストア1,药妆店1
ドラッグストア2,药妆店2
ドラッグストア3,药妆店3
ドラッグストア4,药妆店4
ドラッグストア5,药妆店5
ドラッグストア6,药妆店6
ドラッグストア7,药妆店7
ドラッグストア8,药妆店8
ドラッグストア9,药妆店9
ドラッグストア10,药妆店10
ドラッグストア11,药妆店11
ドラッグストア12,药妆店12
特殊コーヒー1,特殊咖啡1
特殊コーヒー2,特殊咖啡2
ふたご専用全ダウン技,双胞胎专用全倒技
カロ・ロッド,卡萝·杖
カロ・アタック,卡萝·攻击
統制の光芒,统治之光
光の矢,光之箭
乱反射する光の矢,漫射光箭
薙ぎ払う光の刃,横劈光刃
収束する無尽の光,终结无尽光
聖杯無尽光,圣杯无尽光
光輪転成,圣光转生
歪みの波動,扭曲的波动
強靭の法,强韧之法
脆弱の法,脆弱之法
新たなる創造,崭新创造
真・歪みの波動,真·扭曲的波动
剣の創造,剑创造
銃の創造,枪创造
鐘の創造,钟创造
断罪の剣,断罪之剑
銃刑,枪刑
書の創造,书创造
歪んだ色欲,扭曲的色欲
福音,福音
歪んだ憤怒,扭曲的愤怒
歪んだ虚飾,扭曲的虚荣
救済の詩,救济之诗
神の怒槌,神怒槌
歪んだ暴食,扭曲的暴食
歪んだ嫉妬,扭曲的嫉妒
鎮撫の詩,镇抚之诗
神意の高潮,神意高潮
歪んだ強欲,扭曲的贪婪
大衆の望み,民心所向
モラルサポート,士气支援
アクティブサポート,动态支援
心理ハッキング,心灵入侵
エマージェンシー,紧急状态
ファイナルガード,终极防御
ポジションハック,位置入侵
スポコントーク,热血运动交涉
お宝スキミング,宝物探知
サブリカバーHP改,辅助恢复HP改
サブリカバーSP改,辅助恢复SP改
ビッグバン大サービス,超级大爆炸优惠
ビッグバン・オーダー,大爆炸·点单
ルーレットタイム,轮盘时间
コロバッシャー,滚轴猛击
色欲の剛球,色欲的刚球
ダウンショット2,一枪倒地2
ダウンショット3,一枪倒地3
ダウンショット4,一枪倒地4
エレクトロアタック,电子音乐攻击
大罪の徹甲弾,大罪穿甲弹
目偽怒,目伪怒
カレー防昇,咖喱防升
利敵行為,利敌行为
カレー速昇,咖喱速升
オトリ玉,诱捕弹
超オトリ玉,超诱捕弹
メタボ・ウェーブ,肥胖波动
レーヴァテイン,胜利之剑
デスパレート,死亡行进
暴走のいざない,失控的邀请
ビッグバン・チャレンジ,大爆炸挑战
聖杯無尽光2,圣杯无尽光2
憤怒の伝播,愤怒传播
百烈ビンタ,百裂巴掌
歪んだ傲慢,扭曲的傲慢
神罰,神罚
大衆の望み,民意
真空刃,真空刃
乱れ撃ち,扫射
役員パンチ,董事铁拳
ビッグバンバーガー,大爆炸汉堡
春のアースバーガー,春日地球汉堡
夏のマーズバーガー,夏日火星汉堡
秋のムーンバーガー,秋日月球汉堡
冬のサターンバーガー,冬日土星汉堡
ジュスのアタック,芮丝的攻击
カロのアタック,卡萝的攻击
カレー魔反,咖喱魔反
カレー物反,咖喱物反
カレー死防,咖喱死防
カレー気合,咖喱气势
カレー集中,咖喱集中
カレー全昇,咖喱全升
魔法の壁,魔法障壁
カデンツァ,华彩乐段
十文字斬り,十文字斩
冥府の扉,冥府之门
マガツマンダラ,祸津曼陀罗
輝矢,辉箭
ストリングアーツ猛獣,弦艺猛兽
ティタノマキア,泰坦之战
煉獄の翼,炼狱之翼
オラトリオ,圣谭曲
幾万の真言,数万真言
ネオ・カデンツァ,新华彩乐段
アカシャアーツ,虚无艺术
ファントムショー,幻影秀
混乱玉,混乱珠
洗礼玉,洗礼珠
除霊玉,除灵珠
叩きつけ,殴打
万劫たる燐光,万劫磷光
万魔の混沌,万魔混沌
新カレー1,新咖喱1
新カレー2,新咖喱2
タケミナオキール,武见全复生药
タケミナオキールZ,武见全复生药Z
黒アケチ・追撃用,黑化明智·追击用
黒アケチ・銃追撃用,黑化明智·枪追击用
ワイルドトーク,不羁交涉
バトンタッチ,换手
ヤンキートーク,不良少年交涉
オタカラ強奪,强夺秘宝
ハリセンリカバー,纸扇恢复
かばう,掩护
ガールズトーク,女子交涉
ウソ泣き,假哭
悩殺術,色诱术
カリスマトーク,超凡交涉
ゲージュツトーク,艺术交涉
交渉術,交涉术
支援金集め,募集经费
印象操作術,印象操作术
人心掌握術,人心掌握术
カリスマ演説術,魅力演讲术
クロオビトーク,黑带交涉
駒さばき,运子帷幄
囲い崩し,围崩
投了,投子
東郷システム,东乡系统
ランダムファイア,随意开火
威嚇射撃,威吓射击
セレブトーク,上流交涉
ニャンコトーク,猫咪交涉
女殺しの奥義,花花公子的奥义
倍返しの憤激,加倍奉还的愤慨
癒しの力が漏れた!,治愈之力溢出了！
挑発する,挑衅
玉虫色変化,玉虫颜色变化
テラークロー,骇人利爪
マハジェガ,玛哈杰卡
マハジェガオン,玛哈杰卡翁
アダムスキル5,亚当技能5
アダムスキル6,亚当技能6
モナ・リュウジ合体技,摩纳·龙司合体技
モナ・アン合体技,摩纳·杏合体技
モナ・ハル合体技,摩纳·春合体技
ユウスケ・アン合体技,佑介·杏合体技
リュウジユウスケ合体技,龙司·佑介合体技
リュウジ・マコト合体技,龙司·真合体技
主人公・アケチ合体技,主角·明智合体技
マコト・ハル合体技,真·春合体技
未使用:アケチ合体技,未使用：明智合体技
主人公・かすみ合体技,主角·霞合体技
カウンタ,反击
ヘビーカウンタ,重反击
ハイパーカウンタ,超反击
炎上耐性,燃烧耐性
炎上無効,燃烧无效
食いしばり,强忍
不屈の闘志,不屈斗志
凍結耐性,冻结耐性
凍結無効,冻结无效
生還トリック,生还把戏
火炎見切り,火焰识破
極・火炎見切り,极·火焰识破
氷結見切り,冰冻识破
極・氷結見切り,极·冰冻识破
疾風見切り,疾风识破
極・疾風見切り,极·疾风识破
電撃見切り,电击识破
極・電撃見切り,极·电击识破
物理見切り,物理识破
極・物理見切り,极·物理识破
火炎ブースタ,火焰强化
火炎ハイブースタ,高级火焰强化
氷結ブースタ,冰冻强化
氷結ハイブースタ,高级冰冻强化
疾風ブースタ,疾风强化
疾風ハイブースタ,高级疾风强化
電撃ブースタ,电击强化
電撃ハイブースタ,高级电击强化
大天使の加護,大天使的庇佑
神々の加護,诸神庇佑
小治癒促進,小治愈促进
中治癒促進,中治愈促进
大治癒促進,大治愈促进
祝福見切り,祝福识破
呪怨見切り,咒怨识破
小気功,小气功
中気功,中气功
大気功,大气功
極・祝福見切り,极·祝福识破
極・呪怨見切り,极·咒怨识破
攻撃の心得,攻击诀窍
マハタルカオート,自动玛哈塔尔卡
感電耐性,触电耐性
防御の心得,防御诀窍
マハラクカオート,自动玛哈拉库卡
感電無効,触电无效
素早さの心得,敏捷诀窍
マハスクカオート,自动玛哈斯库卡
空腹耐性,饥饿耐性
空腹無効,饥饿无效
急速回復,急速恢复
瞬間回復,瞬间恢复
武道の心得,武道诀窍
魔術の素養,魔术的资质
激怒時攻撃力UP,狂怒时攻击力UP
コーチング,指导
アドバイス,建言
アリ・ダンス,蚁之舞
仁王立ち,不动如山
経験値1.5倍,经验值1.5倍
勝利の息吹,胜利气息
勝利の雄たけび,胜利咆哮
ローグロウ,初级成长
ミドルグロウ,中级成长
ハイグロウ,高级成长
不動心,不动心
祝福即死無効,祝福即死无效
ソウルタッチ未使用,未使用灵魂接触
火炎耐性,火焰耐性
火炎無効,火焰无效
火炎反射,火焰反弹
火炎吸収,火焰吸收
呪怨即死無効,咒怨即死无效
氷結耐性,冰冻耐性
氷結無効,冰冻无效
氷結反射,冰冻反弹
氷結吸収,冰冻吸收
経験値15%UP,经验值15%UP
疾風耐性,疾风耐性
疾風無効,疾风无效
疾風反射,疾风反弹
疾風吸収,疾风吸收
総攻撃威力UP,总攻击威力UP
電撃耐性,电击耐性
電撃無効,电击无效
電撃反射,电击反弹
電撃吸収,电击吸收
入手金額UP,获得金钱UP
祝福耐性,祝福耐性
祝福無効,祝福无效
祝福反射,祝福反弹
祝福吸収,祝福吸收
隠れ身,隐身术
呪怨耐性,咒怨耐性
呪怨無効,咒怨无效
呪怨反射,咒怨反弹
呪怨吸収,咒怨吸收
生体ブースター,肉体强化
物理耐性,物理耐性
物理無効,物理无效
物理反射,物理反弹
物理吸収,物理吸收
祝福呪怨無効,祝福咒怨无效
状態異常成功率UP,异常状态成功率UP
ハマ成功率UP,哈玛成功率UP
ムド成功率UP,姆多成功率UP
銃撃命中率5%UP,枪击命中率5%UP
サムライの心得,武士诀窍
目眩率UP,晕眩概率UP
混乱率UP,混乱概率UP
恐怖率UP,恐惧概率UP
忘却率UP,遗忘概率UP
睡眠率UP,睡眠概率UP
激怒率UP,狂怒概率UP
絶望率UP,绝望概率UP
葛葉の勲章,葛叶的勋章
洗脳率UP,洗脑概率UP
クリティカル率大UP,暴击率大UP
目眩耐性,晕眩耐性
混乱耐性,混乱耐性
恐怖耐性,恐惧耐性
忘却耐性,遗忘耐性
睡眠耐性,睡眠耐性
激怒耐性,狂怒耐性
絶望耐性,绝望耐性
合体事故率UP,合体意外发生率UP
洗脳耐性,洗脑耐性
魔王の境地,魔王的境界
目眩無効,晕眩无效
混乱無効,混乱无效
恐怖無効,恐惧无效
忘却無効,遗忘无效
睡眠無効,睡眠无效
激怒無効,狂怒无效
絶望無効,绝望无效
聖母の囁き,圣母的细语
洗脳無効,洗脑无效
聖母の抱擁,圣母的拥抱
炎上率UP,燃烧概率UP
凍結率UP,冻结概率UP
感電率UP,触电概率UP
ハイボルテージ,高压电流
逆境の覚悟,逆境的觉悟
背水の陣,背水一战
ヒートアップ,亢奋
タッチアンドゴー,一触即发
雨に唄えば,雨歌
浮かない空,天公不作美
予備枠,预备栏
銃撃ブースタ,枪击强化
銃撃ハイブースタ,高级枪击强化
トリガーハッピー,枪弹狂热
核熱耐性,核热耐性
核熱無効,核热无效
核熱反射,核热反弹
核熱吸収,核热吸收
念動耐性,念动耐性
念動無効,念动无效
念動反射,念动反弹
念動吸収,念动吸收
核熱ブースタ,核热强化
核熱ハイブースタ,高级核热强化
念動ブースタ,念动强化
念動ハイブースタ,高级念动强化
核熱見切り,核热识破
極・核熱見切り,极·核热识破
デトックス,心灵排毒
念動見切り,念动识破
極・念動見切り,极·念动识破
祝福ブースタ,祝福强化
祝福ハイブースタ,高级祝福强化
呪怨ブースタ,咒怨强化
呪怨ハイブースタ,高级咒怨强化
敵に見つからない,不会被敌人发现
魔導の才能,魔导才能
精神耐性,精神耐性
万能ブースタ,万能强化
万能ハイブースタ,高级万能强化
フルデストロイア,歼灭一切
ソウルチェイン,灵魂连结
虚飾の複製,虚荣的复制
暴食スナッフ(仮),暴食鼻烟壶(暂定)
怠惰の防御,怠惰的防御
虚飾の偽画,虚荣的赝画
四分の活泉,四分活泉
四分の魔脈,四分魔脉
ソウルタッチ,灵魂接触
勝利の呼び声,胜利战吼
特性DLC食いしばり用,特性DLC强忍用
状態異常にダメージUP,对异常状态伤害UP
状態異常にダメージ大UP,对异常状态伤害大UP
即死させるとSP小回復,造成即死时SP少量恢复
即死させるとSP中回復,造成即死时SP中量恢复
即死させるとSP大回復,造成即死时SP大量恢复
テクニカル時威力UP,TECHNICAL时威力UP
テクニカル時威力大UP,TECHNICAL时威力大UP
瀕死時攻撃UP,濒死时攻击UP
瀕死時攻撃大UP,濒死时攻击大UP
WEAK時威力UP,WEAK时威力UP
WEAK時威力大UP,WEAK时威力大UP
即死無効,即死无效
HPコスト10%減,HP消耗减少10%
HPコスト25%減,HP消耗减少25%
SPコスト10%減,SP消耗减少10%
SPコスト25%減,SP消耗减少25%
回復魔法効果10%UP,恢复魔法效果10%UP
回復魔法効果25%UP,恢复魔法效果25%UP
稀にHPコストゼロ,偶尔发生HP零消耗
稀にSPコストゼロ,偶尔发生SP零消耗
単体攻撃時威力UP,单体攻击时威力UP
単体攻撃時威力大UP,单体攻击时威力大UP
必中になるが回避不可,攻击必中但失去回避能力
回復コスト25%減,恢复消耗减少25%
回復コスト10%減,恢复消耗减少10%
物理命中半分威力倍,物理命中减半威力加倍
状態異常成功率小UP,异常状态成功率小UP
4属性揃うと威力大UP,拥有4属性时威力大UP
3属性揃うと威力UP,拥有3属性时威力UP
補助ターン数延長,辅助回合数延长
即死確率UP,即死概率UP
即死確率大UP,即死概率大UP
一分の活泉,一分活泉
二分の活泉,二分活泉
三分の活泉,三分活泉
一分の魔脈,一分魔脉
二分の魔脈,二分魔脉
三分の魔脈,三分魔脉
クリティカル威力UP,暴击威力UP
クリティカル威力大UP,暴击威力大UP
被ダメージ倍加,承受伤害加倍
全体攻撃時威力UP,全体攻击时威力UP
全体攻撃時威力大UP,全体攻击时威力大UP
オートバリア,自动护罩
情報支援,情报支援
絶対逃走,绝对逃脱
忠誠の盾,忠诚之盾
全属性ハイブースタ,高级全属性强化
ハイアナライズ,高阶分析
色欲の剛球(仮),色欲的刚球(暂定)
ダイヤモンドダスト,钻石星尘
ディテクティヴトーク,侦探交涉
アーティストトーク,艺术家交涉
ガリベントーク,书呆子交涉
主人公合体技,主角合体技
リュウジ合体技,龙司合体技
モルガナ合体技,摩尔加纳合体技
アン合体技,杏合体技
ユウスケ合体技,佑介合体技
マコト合体技,真合体技
ハル合体技,春合体技
アケチ合体技,明智合体技
幾美合体技,几美合体技
回復仙人,恢复仙人
元気の漏出,元气漏泄
元気の流出,元气流淌
元気の噴出,元气喷发
余裕の漏出,从容漏泄
余裕の流出,从容流淌
余裕の噴出,从容喷发
攻撃名人,攻击名人
防御名人,防御名人
俊敏名人,机敏名人
体術神,体术神
魔術神,魔法神
会心の眼差し,会心的眼神
光の伝道者,光之传道者
闇の伝道者,暗之传道者
精密射撃,精确射击
急所撃ち,打击要害
虚飾の複製(仮),虚荣的复制(暂)
怠惰の防御(仮),怠惰的防御(暂定)
状態異常敵に威力UP,对异常状态的敌人威力UP
状態異常敵に威力大UP,对异常状态的敌人威力大UP
瀕死時攻撃力UP,濒死时攻击力UP
瀕死時攻撃力大UP,濒死时攻击力大UP
HPコストゼロ,HP零消耗
SPコストゼロ,SP零消耗
物理命中50%威力倍,物理命中50%威力加倍
被ダメージ倍化,承受伤害加倍
,
使用禁止,禁止使用
神の深き影,神的黑暗暗影
死葬の蝿,死葬之蝇
魔槍操る猛将,挥舞魔枪的猛将
地下室のランプ男,地下室的提灯男
あざ笑う雪だるま,讥笑的雪人
迷いへ誘う少女,诱入迷途的少女
冥府の番犬,冥府的看门狗
破滅に誘う悪女,引发毁灭的恶女
戦乱を待つ騎兵,等待战乱的骑兵
英霊を欲する暴君,渴望英灵的暴君
首絞めの花少女,绞首的花少女
陰惨な五芒星,凄惨的五芒星
そびえる煩悩大王,挺立的烦恼大王
残忍なる雄ヒョウ,残忍的雄豹
暗夜の雷帝,暗夜的雷帝
無表情の一角獣,面无表情的独角兽
死罰の宣告者,死刑的宣告者
水わななく琵琶女,冒冷汗的琵琶女
葬送の女騎士,送葬的女骑士
人食いの女鬼,吃人的女鬼
奇運の象神,奇运的象神
亡者を量る者,亡魂裁量者
石棺に眠る王侯,于石棺长眠的王侯
潔癖の掃討者,洁癖扫荡者
影を統べる呪術師,统率暗影的咒术师
悪戯好きの少女隊長,喜欢恶作剧的少女队长
熱病に踊る獅子,发高烧的狮子
反逆する黒ゾウ,反抗的黑象
氷雪の覇者,冰雪的霸主
己惚れる花形,自恋的明星
生死を巡る女神,生死轮回的女神
回廊にうねるヘビ女,盘据回廊的蛇女
悪融合する霊,融合邪恶的灵魂
無頼の戦闘狂,无赖战斗狂
夜歩く怪戦士,夜间踱步的怪战士
奇弁の海の怪魚,善辩的海洋怪鱼
恐るべき子供騎士,恐怖的儿童骑士
浮名の宴のクイーン,绯闻宴席上的女王
寝台の精鬼,床上的精鬼
遊侠の獄卒,游侠狱卒
古き本能の大淫婦,远古本能的大淫妇
闇舞踏の魔女,黑暗舞蹈的魔女
つけ狙う狼霊,伺机而动的狼灵
滅亡を映す美女,映出灭亡的美女
責苦の告知者,苦难的告示者
怒髪天の武人,怒发冲冠的武者
異界からの少女,来自异界的少女
怒りの果ての黒女王,愤怒发狂的黑女王
幽谷の怪僧,幽谷的怪僧
浮気な夢のキング,出轨的梦境之王
凶事まねく憑代,招来灾厄的依附体
酔いどれる多頭蛇,烂醉的多头蛇
破産を知るウマ男,知晓破产的马男
狂騒のサル王子,狂躁的猴王子
天の刑罰官,天界的判官
背負いをせがむ小鬼,求人背的小鬼
常夜に笑う女傑,在永夜大笑的女英豪
獄舎の総督,监狱总督
底にいる貪欲王,深渊中的贪婪之王
屋根裏の小獅子,阁楼里的小狮子
眠気の袋を持つ男,带着梦沙的男子
堕落の伝道師,堕落的传教士
愛して憎む才女,令人又爱又恨的才女
鮮血の大母神,鲜血大母神
黒の報復人,漆黑的复仇者
苦渋の鍛冶師,苦恼的铁匠
隠し金庫の双頭犬,秘密金库的双头犬
黄昏の女娼,黄昏的女娼
這い寄る吸血蛾,逼近的吸血蛾
恩赦無き審問官,无赦的审问官
若き日の老猫,青春的老猫
最悪の雪だるま,极恶的雪人
墓から目覚めた祖神,从墓中觉醒的始祖神
盲信する御使い,盲信的使者
地響きの影女,地动的影女
別れ坂の山乙女,离别坡的山女
死線に舞う神兵,穿梭生死的神兵
とり憑く犬霊,附身的犬灵
さすらいの反魂師,流浪的招魂师
死にぞこないの粘着肉,濒死的沾黏肉
墓碑を刻む怪鳥,雕刻墓碑的怪鸟
怨みの落ち武者,咒怨的落败武士
復讐する落人,复仇的落败者
憂き世忘れの踊り子,忘却世俗的舞娘
身を嘆く櫛娘,感叹命运的梳篦女
精気すする隣人,吸食精气的邻人
影に潜む隠密,藏身暗处的密探
武者殺しの戦鬼,虐杀武士的战鬼
激水に遊ぶ怪童,在激流戏水的怪童
旋風まとう悪漢,旋风缠绕的恶汉
傲岸不遜なハゲタカ,桀骜不逊的秃鹰
願い無き星,无所求的星星
底無し沼の狂い馬,无底沼泽的狂马
呪文詠唱するヒヒ,咏唱咒语的狒狒
大言壮語する酔漢,豪言壮语的醉汉
水際の遊女,水边的艺妓
殺気立つフクロウ男,杀气腾腾的猫头鹰男
ちぎれた煩悩大王,断裂的烦恼大王
草隠れの長老,藏身草丛的长老
たわけた山伏,滑稽的山林修行者
リージェント,摄政王
女王の首飾り,王后的项链
スクーンの石,命运之石
コ・イ・ヌール,光之山
オルロフ,奥尔洛夫
大帝の護符,大帝的护符
ホープダイヤ,希望钻石
水晶髑髏,水晶骷髅
オリハルコン,奥利哈钢
死刑台の人面花,死刑台的人面花
忌まわしき独裁者,不祥的独裁者
血祭り好きの戦女,喜欢血祭的女战士
不和を呼ぶ家政婦,造成不和的佣人
子絶やしの熊人形,断子绝孙的熊玩偶
汚泥の脈動,污泥的脉动
穢れた二角獣,污秽的双角兽
闇穴の太陽,暗穴的太阳
ざわめく山精,吵闹的山精
ふらつく木精,蹒跚的木精
ボトル詰めの丁稚,瓶子里的学徒
唸るしかばね鳥,低吟的尸鸟
夜鳴きする合成獣,夜鸣的合成兽
屍を喰らう屍,食尸鬼
異端の救世者,异端的救世主
邪宗のヤギ導師,邪教的山羊导师
邪猾の蛇王,狡猾的蛇王
洞穴のヘビ男,洞中的蛇男
荒ぶる鳥神,狂暴的鸟神
贄を焼く牛面鬼,焚烧活祭品的牛头鬼
終末を計測する者,测定终焉之人
不浄の魔神,不洁的魔神
暴虐の重騎兵,暴虐的重骑兵
群れ集う邪霊,群聚的邪灵
終末の導き手,终焉的领路人
役員ロボ・TYPE専務,董事机器人·TYPE专务
社畜ロボ・TYPE？,社畜机器人·TYPE？
社畜ロボ・TYPE係長,社畜机器人·TYPE系长
社畜ロボ・TYPE主任,社畜机器人·TYPE主任
社畜ロボ・TYPEヒラ,社畜机器人·TYPE员工
シャドウ高梨,暗影高梨
シャドウ中野原,暗影中野原
刈り取るもの,猎杀者
インキュバス,男梦魔
ジュスティーヌ,芮丝汀娜
カロリーヌ,卡萝莉娜
聖杯無触手A,圣杯无触手A
聖杯無触手B,圣杯无触手B
聖杯無触手C,圣杯无触手C
カモシダ・アスモデウス・スグル,鸭志田·阿斯摩太·卓
盲執のトロフィー,执迷不悟的奖杯
相性変化後教師ボス,相克变化后的老师首领
弱体化・人柱の王墓,弱化·活祭品王墓
聖杯,圣杯
画伯の右目,画伯的右眼
画伯の左目,画伯的左眼
画伯の鼻梁,画伯的鼻梁
画伯の口腔,画伯的口腔
マダラメ・アザゼル・イチリュウサイ,斑目·阿撒兹勒·一流斋
美術館ボス全弱点,美术馆首领全弱点
メメントスのオタカラ？,印象空间的秘宝？
カネシロ・バエル・ジュンヤ,金城·巴尔·润矢
ブタトロン,猪特隆
パレスを支配する怪物,支配宫殿的魔物
明智 吾郎,明智 吾郎
認知存在『イッシキ ワカバ』,认知存在『一色 若叶』
オクムラ・マモン・クニカズ,奥村·玛门·邦和
社畜ロボ・TYPE部長,社畜机器人·TYPE部长
社畜ロボ・TYPE課長,社畜机器人·TYPE课长
シャドウ冴,暗影冴
ニイジマ・レビアタン・サエ,新岛·利维坦·冴
アケチ ゴロウ,明智 吾郎
人柱の王獣,活祭品王兽
人柱の王翼,活祭品王翼
人柱の王墓,活祭品王墓
シドウ・サマエル・マサヨシ,狮童·萨麦尔·正义
真・シドウ・サマエル・マサヨシ,真·狮童·萨麦尔·正义
統制神ヤルダバオト,统治神亚尔达拜特
処刑の銃,处刑之枪
告知の鐘,宣告之钟
律法の書,律法之书
春のフィアンセ,春的未婚夫
美術館ボス・右目,美术馆首领·右眼
美術館ボス・左目,美术馆首领·左眼
美術館ボス・鼻  ,美术馆首领·鼻
美術館ボス・口  ,美术馆首领·口
特異シャドウ・TV社長,特异暗影·电视台台长
特異シャドウ・処理役,特异暗影·善后者
番兵隊長,警卫队长
シャドウ鷹瀬,暗影鹰濑
シャドウ曲尾夫人,暗影曲尾夫人
シャドウ大山田,暗影大山田
シャドウ曲尾,暗影曲尾
シャドウ根島,暗影根岛
シャドウ内村,暗影内村
シャドウ秋津,暗影秋津
警備員シャドウ,暗影警卫
シャドウ若狭,暗影若狭
政治家・大江,政治家·大江
シャドウ清水,暗影清水
特異シャドウ・IT社長,特异暗影·IT企业社长
シャドウ本庄,暗影本庄
シャドウ上智,暗影上智
シャドウ福来,暗影福来
シャドウ織田,暗影织田
シャドウ左右田,暗影左右田
シャドウ鷹瀬夫人,暗影鹰濑夫人
シャドウ最上,暗影最上
シャドウ東郷,暗影东乡
シャドウ津田,暗影津田
シャドウ伊佐塚,暗影伊佐冢
シャドウ橋里,暗影桥里
シャドウ一色,暗影一色
シャドウ麻倉,暗影麻仓
シャドウ有田,暗影有田
シャドウ下見,暗影下见
シャドウ岸,暗影岸
シャドウ武名,暗影武名
シャドウ名栗,暗影名栗
シャドウ吉岡,暗影吉冈
シャドウ小戸,暗影小户
シャドウ東郷夫人,暗影东乡夫人
シャドウ坪井,暗影坪井
特異シャドウ・旧華族,特异暗影·旧华族
シャドウ桐谷,暗影桐谷
シャドウ巻上,暗影卷上
死と遊ぶ踊り手,与死同乐的舞者
退廃の偶像,颓废的偶像
嵐を呼ぶ雷鳥,召唤风暴的雷鸟
むさぼり食う邪竜,贪得无厌的邪龙
邪を拝する合成体,膜拜邪恶的合成物
ねじ曲がった深淵,扭曲的深渊
戦慄の妖精騎士,战栗的妖精骑士
火炎と廻る刺客,火焰环绕的刺客
焼き尽くす巨人,烧尽万物的巨人
夢幻に住まうドクロ,栖身幻境的骷髅
奇形の獅子神,奇形怪状的狮神
怒髪天の明王,怒发冲冠的明王
首狩りの長靴猫,猎头的靴子猫
竜殺しの鬼才,屠龙的鬼才
ラヴェ専用ケルピー,拉雯妲专用凯尔派
ラヴェ専用ベリス  ,拉雯妲专用比利士
ラヴェ専用イヌガミ,拉雯妲专用犬神
ラヴェ専用ヌエ    ,拉雯妲专用奴延
ラヴェ専用オニ    ,拉雯妲专用鬼
ラヴェ専用アヌビス,拉雯妲专用阿努比斯
ラヴェ専用ミトラス,拉雯妲专用米特拉斯
ラヴェ専用オセ    ,拉雯妲专用欧赛
ラヴェ専用アタバク,拉雯妲专用大元帅明王
ラヴェ専用トール  ,拉雯妲专用托尔
ラヴェ専用ルシファー,拉雯妲专用路西法
P3専用オルフェウス,P3专用俄耳甫斯
P4専用イザナギ,P4专用伊邪那岐
P3用タナトス,P3专用塔纳托斯
P3用メサイア,P3用弥赛亚
P3用アティス,P3用阿提斯
P3用ジークフリード,P3用齐格飞
P4用コウリュウ,P4用黄龙
P4用カグヤ,P4用辉夜
P4用スラオシャ,P4用斯拉欧加
P4用ヨシツネ,P4用义经
P4用イザナギノオオカミ,P4用伊邪那岐大神
ラヴェンツァ,拉雯妲
丸喜 拓人,丸喜 拓人
サンドリヨン,灰姑娘
カスミ,霞
哀の贋作マダラメ,哀之赝品：斑目
怒の贋作マダラメ,怒之赝品：斑目
楽の贋作マダラメ,乐之赝品：斑目
喜の贋作マダラメ,喜之赝品：斑目
芳澤 すみれ,芳泽 堇
アザトース,阿撒托斯
アダムカドモン,原人亚当
追加社員,追加员工
アザトース2,阿撒托斯2
EXカモシダ色換え,EX鸭志田换色
認知存在『ミシマ ユウキ』,认知存在『三岛 由辉』
認知存在『スズイ シホ』,认知存在『铃井 志帆』
ピシャーチャ,毕舍遮
金で揮う者,持财挥霍者
金で防ぐ者,持财防守者
EXカネシロ攻略用踏み台,EX金城攻略用踏板
子絶やしの熊人形,绝子绝孙的熊玩偶
シャドウ永田,暗影永田
認知存在『永田教徒』,认知存在『永田教徒』
アダムターゲット1,亚当目标1
アダムターゲット2,亚当目标2
補佐の触手,辅助的触手
防護の触手,防护的触手
治癒の触手,治愈的触手
リリスの長女,莉莉丝的长女
リリスの次女,莉莉丝的次女
リリスの三女,莉莉丝的三女
リリスの四女,莉莉丝的四女
アザトース触手後半1,阿撒托斯触手后半1
アザトース触手後半2,阿撒托斯触手后半2
アザトース触手後半3,阿撒托斯触手后半3
アザトース触手後半4,阿撒托斯触手后半4
アザトース触手後半5,阿撒托斯触手后半5
アザトース触手後半6,阿撒托斯触手后半6
燃え立つ巨人,熊熊燃烧的巨人
後半丸喜,后半丸喜
後半アダムカドモン,后半原人亚当
オニ,鬼
認知存在『オクムラ ハル』,认知存在『奥村 春』
ジョゼ,约瑟
夢想に魅入られた少女,沉迷于空想的少女
幻視に耽る少女隊長,沉溺于幻象的少女队长
白昼夢に歌うクイーン,在白日梦中歌唱的皇后
玉座で笑う氷雪王,在王座上讪笑的冰雪王
享楽の雪だるま,享乐的雪人
悪に生きる雪だるま,活得邪恶的雪人
愉悦の蛇王,愉悦的蛇王
魔境に座すヘビ男,盘据魔境的蛇男
覇道を行く黒ゾウ,迈向霸道的黑象
富を肥やす象神,家财万贯的象神
傍若無人の重騎兵,不可一世的重骑兵
不夜城を守る騎兵,驻守不夜城的骑兵
理性惑わす雄ヒョウ,蒙蔽理性的雄豹
全知に酔う怪魚,陶醉于全知的怪鱼
無影の五芒星,无影的五芒星
光にはべる双頭犬,侍奉光芒的双头犬
楽園を死守する番犬,死守乐园的看门狗
朽ちること無き老猫,长生不死的猫
無限に遊ぶ長靴猫,不停玩乐的靴子猫
終わりなき汚泥の脈動,不死污泥的脉动
肥大化した粘着肉,肥大化的沾黏肉
飽食の鳥神,饱餐的鸟神
狂喜のハゲタカ,狂喜的秃鹰
光に溺れる御使い,沉溺光明的使者
輝き満ちる刑罰官,光辉满溢的判官
聖域の神兵,圣域的神兵
忘我に至る踊り子,浑然忘我的舞娘
法悦の山乙女,心醉神迷的山女
耽美に生きる櫛娘,活得唯美的梳篦女
殺しに酔う女鬼,陶醉于杀戮的女鬼
酒池肉林の戦女,酒池肉林的女战士
狂い咲く黒女王,狂乱绽放的黑女王
宴に誘うランプ男,邀宾赴宴的提灯男
会話クエ1相性変更用  ,会话任务1契合度变更用
会話クエ2相性変更用  ,会话任务2契合度变更用
会話クエ3相性変更用  ,会话任务3契合度变更用
会話クエ4相性変更用  ,会话任务4契合度变更用
会話クエ6相性変更用  ,会话任务6契合度变更用
会話クエ7相性変更用  ,会话任务7契合度变更用
会話クエ8相性変更用  ,会话任务8契合度变更用
会話クエ9相性変更用  ,会话任务9契合度变更用
会話クエ10相性変更用,会话任务10契合度变更用
ケットシー,凯特西
アークエンジェル,大天使
サキュバス,女梦魔
ケルピー,凯尔派
ハイピクシー,高等皮克希
ベリス,比利士
ヤクシニー,母夜叉
エリゴール,埃力格
イッポンダタラ,一本踏鞴
シキオウジ,式王子
ネコマタ,猫又
シーサー,狮爷
ラクシャーサ,罗刹
特別課外活動部の少年,特别课外活动部的少年
自称特別捜査隊の少年,自称特别搜查队的少年
シャドウ金城,暗影金城
シャドウ愛野,暗影爱野
シャドウ八谷,暗影八谷
シャドウ在原,暗影在原
シャドウ王野,暗影王野
シャドウ天崎,暗影天崎
シャドウ佐伯,暗影佐伯
シャドウ甘井,暗影甘井
シャドウ加賀美,暗影加贺美
シャドウ大井,暗影大井
シャドウ千代,暗影千代
シャドウ牛腸,暗影牛肠
シャドウ佐分利,暗影佐分利
シャドウ不破,暗影不破
シャドウ源,暗影源
会話クエ12パラ変更,会话任务12能力值变更
ピクシー,皮克希
アラハバキ,荒霸吐
ジャックフロスト,杰克霜精
コッパテング,木叶天狗
ジャックランタン,杰克灯笼
バイコーン,双角兽
デカラビア,单卡拉比
キウン,迦温
ミニマーラ,迷你魔罗
ダーキニー,荼吉尼
トート,托特
スカアハ,斯卡哈
クー・フーリン,库夫林
セタンタ,瑟坦特
コロポックル,克鲁波克鲁
オンギョウキ,隐形鬼
ナーガラジャ,那伽王
スカディ,丝卡蒂
ロア,罗瓦
ディオニュソス,狄俄尼索斯
ヤマタノオロチ,八岐大蛇
ティターニア,缇坦妮雅
メタトロン,梅塔特隆
ベルゼブブ,别西卜
ケルベロス,克鲁贝洛斯
リリム,莉莉姆
オーディン,奥丁
カハク,花魄
マーラ,魔罗
オセ,欧赛
トール,托尔
ユニコーン,独角兽
ウリエル,乌列尔
サラスヴァティ,妙音天女
ヴァルキリー,女武神
ガネーシャ,葛内舍
アヌビス,阿努比斯
モト,莫特
ラファエル,拉斐尔
バロン,巴隆
ギリメカラ,基力梅卡拉
キングフロスト,霜精之王
ナルキッソス,那耳喀索斯
イシス,伊西斯
ラミア,拉弥亚
レギオン,恶灵军团
モコイ,莫克伊
フォルネウス,佛钮司
リリス,莉莉丝
ランダ,兰达
マカミ,真神
パールヴァティ,帕尔瓦蒂
ガブリエル,加百列
ザオウゴンゲン,藏王权现
アリス,爱丽丝
カーリー,迦梨
クラマテング,鞍马天狗
オベロン,奥伯隆
オロバス,欧若博司
ハヌマーン,哈奴曼
オバリヨン,背背鬼
クイーンメイブ,妖精女王
サンダルフォン,圣德芬
アバドン,亚巴顿
ザントマン,睡魔
ベリアル,彼列
リャナンシー,莲南希
キュベレ,库柏勒
チェルノボグ,切尔诺伯格
フラロウス,佛劳洛斯
オルトロス,欧特鲁斯
モスマン,天蛾人
ドミニオン,主天使
ジャアクフロスト,邪恶霜精
エンジェル,天使
キクリヒメ,菊理媛
シュウ,蚩尤
パワー,能天使
イヌガミ,犬神
ネビロス,奈比洛斯
スライム,软泥怪
アンズー,安祖
ヤタガラス,八咫乌
ヨシツネ,义经
タケミナカタ,建御名方
アメノウズメ,天钿女
クシナダヒメ,奇稻田姬
クヴァンダ,鸠盘荼
キンキ,金鬼
スイキ,水鬼
フウキ,风鬼
ジャターユ,佳塔由
アプサラス,飞天
アンドラス,安德拉斯
マンドレイク,曼陀罗
バアル,巴力
シルキー,希路奇
バグス,巴古斯
ブラックウーズ,黑软泥怪
ミトラス,米特拉斯
スダマ,山灵
コダマ,木灵
アガシオン,阿珈席翁
オンモラキ,阴摩罗鬼
ヌエ,奴延
メルキセデク,麦基洗德
バフォメット,巴风特
ナーガ,那伽
ガルーダ,迦楼罗
モロク,摩洛
ノルン,诺伦
ベルフェゴール,贝尔芬格
コロンゾン,克伦佐
ニギミタマ,和魂
クシミタマ,奇魂
アラミタマ,荒魂
サキミタマ,幸魂
シヴァ,湿婆
ミカエル,米迦勒
アスラおう,阿修罗王
マダ,摩陀
マザーハーロット,巴比伦大淫妇
クロト,克洛托
ラケシス,拉刻西斯
アトロポス,阿特罗波斯
アルダー,阿尔达
ヴィシュヌ,毗湿奴
ハリティー,诃梨帝母
ユルング,虹蛇
ヘカトンケイル,百臂巨人
サタナエル,撒旦耶尔
オルフェウス,俄耳甫斯
タナトス,塔纳托斯
イザナギ,伊邪那岐
マガツイザナギ,祸津伊邪那岐
カグヤ,辉夜
アリアドネ,阿里阿德涅
アステリオス,阿斯忒里俄斯
ツキヨミ,月读
メサイア,弥赛亚
メサイア・賊神,弥赛亚·贼神
オルフェウス・賊神,俄耳甫斯·贼神
タナトス・賊神,塔纳托斯·贼神
イザナギ・賊神,伊邪那岐·贼神
マガツイザナギ・賊神,祸津伊邪那岐·贼神
カグヤ・賊神,辉夜·贼神
アリアドネ・賊神,阿里阿德涅·贼神
アステリオス・賊神,阿斯忒里俄斯·贼神
ツキヨミ・賊神,月读·贼神
？？？,？？？
アルセーヌ,亚森
キャプテン・キッド,船长基德
ゾロ,佐罗
カルメン,卡门
ゴエモン,五右卫门
ヨハンナ,琼安
ミラディ,米莱迪
ネクロノミコン,死灵之书
ロビンフッド,罗宾汉
ロキ,洛基
セイテンタイセイ,齐天大圣
メリクリウス,墨丘利
ヘカーテ,赫卡忒
カムスサノヲ,神须佐之男
アナト,阿纳特
アスタルテ,阿斯塔尔塔
プロメテウス,普罗米修斯
ルシファー,路西法
ヴァナディース,凡娜迪丝
ウィリアム,威廉
ディエゴ,迭戈
セレスティーヌ,塞莱丝迪娜
ゴロキチ,五郎吉
アグネス,艾格尼丝
ルーシー,露西
アルアジフ,阿尔阿吉夫
ヘリワード,赫里沃德
エラ,艾拉
サタン,撒旦
コウリュウ,黄龙
オオクニヌシ,大国主
フツヌシ,经津主
セト,赛特
イシュタル,伊丝塔
スルト,斯尔特
元ジークフリード,原齐格飞
ラクシュミ,吉祥天女
元ベルフェゴール,元贝尔芬格
フォルトゥナ,福尔图娜
スザク,朱雀
セイリュウ,青龙
ゲンブ,玄武
ビャッコ,白虎
ビシャモンテン,毘沙门天
コウモクテン,广目天王
ジコクテン,持国天王
ゾウチョウテン,增长天王
ヘルズエンジェル,地狱天使
だいそうじょう,大僧正
トランペッター,吹号者
ホワイトライダー,白骑士
マタドール,斗牛士
ペイルライダー,苍白骑士
ホルス,荷鲁斯
アティス,阿提斯
スラオシャ,斯拉欧加
ミトラ,密特拉
ホウオウ,凤凰
プリンシパリティ,权天使
ネコショウグン,猫将军
ヴァスキ,婆苏吉
アナンタ,阿难陀
ソロネ,座天使
ケツアルカトル,羽蛇神
レッドライダー,红骑士
ブラックライダー,黑骑士
元モロク,元摩洛
パズス,帕祖祖
タイマン用シンデレラ,单挑用灰姑娘
アスモデウス,阿斯摩太
アザゼル,阿撒兹勒
バエル,巴尔
ティトエス,提图艾斯
マモン,玛门
レビアタン,利维坦
サマエル,萨麦尔
マリア,玛利亚
ウォフ・マナフ,瓦胡·马纳
ミシャグジさま,御社宫司神
チャレンジ用フロスト,挑战用霜精
チャレンジ用エンジェル,挑战用天使
P5未使用,P5未使用
P6未使用,P6未使用
伊邪那岐大神,伊邪那岐大神
プシュケイ,赛姬
アテナ,雅典娜
ラウール,劳尔
オルフェウス改,俄耳甫斯·改
伊邪那岐大神・賊神,伊邪那岐大神·贼神
プシュケイ・賊神,赛姬·贼神
アテナ・賊神,雅典娜·贼神
アルセーヌ・モダン・賊神,亚森·摩登·贼神
オルフェウス改・賊神,俄耳甫斯·改·贼神
マカーブル,马卡布
アリラト,艾里拉特
サンダーバード,雷鸟
ファフニール,法夫纳
ビヤーキー,拜亚基
ハスター,哈斯塔
タムリン,塔姆林
キマイラ,奇美拉
アタバク,大元帅明王
ジークフリード,齐格飞
ラヴェ専用ベリス  ,拉雯妲专用比利士  
ラヴェ専用ヌエ    ,拉雯妲专用奴延    
ラヴェ専用オニ    ,拉雯妲专用鬼    
ラヴェ専用オセ    ,拉雯妲专用欧赛    
ラヴェ専用トール  ,拉雯妲专用托尔  
P3専用オルフェウ,P3专用俄耳甫斯
P3用タナトス     ,P3用塔纳托斯     
P3用メサイア     ,P3用弥赛亚     
P3用アティス      ,P3用阿提斯      
P4用コウリュウ   ,P4用黄龙   
P4用カグヤ       ,P4用辉夜       
P4用スラオシャ   ,P4用斯拉欧加   
P4用ヨシツネ     ,P4用义经     
P4用イザナギノオオカミ ,P4用伊邪那岐大神 
深追いの気質,穷追的本性
救い手の血統,救星的血统
母なる神の恵み,地母神的恩惠
支援の血統,支援的血统
アヴェマリア,圣母颂
淀みきったオーラ,沉静灵气
追い撃つ帯電体質,祸不单行的带电体质
汚れた霊の巣窟,秽灵的巢穴
後追いする冷血,冷血追踪者
知恵の誘惑,智慧的诱惑
逆上の雄牛,暴怒的公牛
各個集中の眼差し,个别集中的眼神
一騎当千の眼差し,万夫莫敌的眼神
型破りの重量,超乎常理的重量
究極不滅の怒髪天,究极不灭的怒发冲冠
報復する肉体,报复的身躯
不可侵の美貌,不容侵犯的美貌
異端の魅力,异常的魅力
並外れた抗体,卓越的抗体
鉄壁の抗体,铁壁的抗体
連鎖の手管,连锁诡计
繋がれし血脈,相连的血脉
伝染する淀み臭,传染性闷臭
指先から熱伝導,导热的指尖
背水のアンカー,逆转的王牌
松の生命力,松的生命力
悪天候の申し子,坏天气的宠儿
妙技の手管,巧妙诡计
森羅万象の理,森罗万象的真理
パンデミックの瞳,瘟疫之瞳
虚無の道化師,虚无的小丑
死に至る病,致命绝症
断罪の宣告者,断罪宣告者
はじける演算力,奔腾的运算力
底知れぬ演算力,高深莫测的运算力
荒ぶる気性,狂暴天性
破天荒の気性,空前绝后的天性
気高き風格,清高的风范
威風堂々の風格,威风凛凛的风范
魔性の極意,魔性的精髓
魔性の極致,魔性的极致
無頼の眼力,恶棍的眼力
国士無双の眼力,国士无双的眼力
万物のはからい,万物的安排
万物の恩寵,万物的恩宠
冷徹な気質,冷酷的本性
泰然自若の気質,泰然自若的本性
策士の気概,军师的气魄
謀略の気概,谋略的气魄
機略縦横の気概,足智多谋的气魄
真夜中のベール,深夜的面纱
夜明けのベール,黎明的面纱
拝火の血統,拜火的血统
酩酊必至の情熱,必至酩酊的热情
凍てつく血統,冰寒的血统
コキュートス,悲叹冥河
雷呼びの血統,召雷的血统
狩猟月の予感,狩猎月的预感
風来の血統,流浪的血统
ヴァーハナの羽ばたき,神之坐骑的振翅
念視の血統,念视的血统
兵主神の異能,兵主神的异能
熱病みの血統,热病的血统
灼熱の修羅道,炽热的修罗道
祝福された血統,被祝福的血统
代理人の恩恵,代理人的恩惠
呪われた血統,被诅咒的血统
豊穣神の無念,丰穰神的冤屈
貪食の口先,贪吃的嘴巴
鬼の一口,鬼的一口
味わいの口先,品尝的嘴巴
ナーラーナーリー,雌雄同体
聖別された魂,被圣别的灵魂
卓越した暗示力,卓越的暗示力
蓮華がもたらす富,莲华带来的富贵
無類の自己暗示力,无与伦比的自我暗示力
善い思考,良善思维
吸い尽くす口先,汲取殆尽的嘴巴
最小手への誘い,最快捷径的导引
鉄の心臓,钢铁之心
天性の危機管理,天性的危机管理
血塗られた瞳,沾满鲜血的双瞳
剣神の念,剑神的意念
悲しみの輪,悲痛的轮回
桂の由来,桂的由来
神産みが如き業,如造神之举
無形の存在感,无形的存在感
国産みが如き業,如创国之举
オリーブの加護,橄榄的庇佑
はやくしんでよ,快去死吧
至極の大器,极致的英才
ファッショングラス,时尚眼镜
サスペンダー,吊带
ウェストポーチ,腰包
ヘアピン,发夹
シルバーキーリング,白银钥匙环
ブラックタイツ,黑色裤袜
ドットタイツ,网点裤袜
ヘッドホン,耳机
フォーマルタイ,正装领带
息吹のリング,气息戒指
根気のリング,毅力戒指
生気のリング,活力戒指
チャクラチョーカー,脉轮项圈
マインドチョーカー,思维项圈
ソウルチョーカー,灵魂项圈
朱のブレスレット,朱色手链
蒼のブレスレット,苍色手链
緑のブレスレット,绿色手链
黄のブレスレット,黄色手链
ランタンのネックレス,提灯项链
星型ブレスレット,星型手链
丸型ブレスレット,圆形手链
純白のブレスレット,纯白手链
漆黒のブレスレット,漆黑手链
怒りのリストバンド,怒火腕带
破天荒ベルト,破天荒腰带
休息磁気ネックレス,休息磁气项链
七転び八起きネクタイ,不屈不挠领带
不動のサスペンダー,不动吊带
頑強ベルト,顽强腰带
拍子木,梆子
首巻き湯たんぽ,肩颈热水袋
ゴム手袋,橡胶手套
遮光ゴーグル,护目镜
鎮静マスク,镇定口罩
バンカラの下駄,粗犷的木屐
備忘録,备忘录
腹減らずのマント,饱腹斗篷
メザメジスト,觉醒紫水晶
怒らずのマント,息怒斗篷
希望のマント,希望斗篷
ブレインガード,护脑器
火事除けのお守り,避火护身符
寒さ除けのお守り,祛寒护身符
強打者のお守り,强打护身符
痺れ除けのお守り,防麻护身符
恐れずのマント,无畏斗篷
希望のお守り,希望护身符
仕返しのミラー,报复的镜子
報復のミラー,复仇的镜子
天罰のミラー,天罚的镜子
カフェインパッチ,咖啡因贴片
ラベンダーポプリ,薰衣草百花香
ポジティブカレンダー,积极日历
高級サングラス,高级墨镜
混乱除けのマント,不乱斗篷
炎上オイルパック,燃烧油包
保冷パック,保冷袋
電池パック,电池组
目眩のマスク,眩目面具
乱れたマスク,乱心面具
ホラーマスク,惊悚面具
忘却のマスク,遗忘面具
催眠マスク,催眠面具
道化のマスク,小丑面具
世紀末のマスク,世纪末面具
教祖のマスク,教祖面具
色欲の指輪,色欲的戒指
虚飾の指輪,虚荣的戒指
暴食の指輪,暴食的戒指
憤怒の指輪,愤怒的戒指
強欲の指輪,贪婪的戒指
嫉妬の指輪,嫉妒的戒指
傲慢の指輪,傲慢的戒指
悲嘆の指輪,悲叹的戒指
色欲の結晶,色欲的结晶
虚飾の結晶,虚荣的结晶
暴食の結晶,暴食的结晶
憤怒の結晶,愤怒的结晶
強欲の結晶,贪婪的结晶
嫉妬の結晶,嫉妒的结晶
傲慢の結晶,傲慢的结晶
悲嘆の結晶,悲叹的结晶
羅刹の帯,罗刹衣带
金剛の帯,金刚衣带
韋駄天の帯,韦驮天衣带
エースのキャップ,王牌棒球帽
頑強の腹巻,顽强的缠腰
ルアーのキーホルダー,鱼饵钥匙圈
武勇のタスキ,英勇背带
魔導のミサンガ,魔导幸运手环
冥府の竪琴,冥府的竖琴
冥府の竪琴R,冥府的竖琴R
黒き闇輪,黑暗之轮
黒き闇輪R,黑暗之轮R
純白の鉢巻,纯白的头带
純白の鉢巻R,纯白的头带R
漆黒の鉢巻,漆黑的头带
漆黒の鉢巻R,漆黑的头带R
赤い糸玉,红丝线球
赤い糸玉R,红丝线球R
雷光の角,雷光角
雷光の角R,雷光角R
黒い月,黑月
黒い月R,黑月R
優美の竪琴,优美的竖琴
優美の竪琴R,优美的竖琴R
クーゲルバイン,子弹鞋
クーゲルバインR,子弹鞋R
光明の鉢巻,光明的头带
光明の鉢巻R,光明的头带R
怪盗紳士ハット,怪盗绅士礼帽
大怪盗ハット,大怪盗礼帽
武士の眼帯,武士眼罩
高級・着圧ソックス,高级·压力袜
火避けのチョーカー,防火项圈
炎避けの腕輪,防焰手镯
氷避けのチョーカー,防冰项圈
氷雪避けの腕輪,防冰雪手镯
雷神の護符,雷神护符
紫電避けの腕輪,防紫电手镯
風神の護符,风神护符
強風避けの腕輪,防强风手镯
熱避けのチョーカー,防热项圈
熱波避けの腕輪,防热浪手镯
思念避けのチョーカー,防精神力项圈
念力避けの腕輪,防念力手镯
光避けのチョーカー,防光项圈
威光避けの腕輪,防威严手镯
呪い避けのチョーカー,防诅咒项圈
厄除けかんざし,消灾发簪
大天使のワッペン,大天使纹章
時短リング,缩时戒指
十字架のチャーム,十字架吊饰
海幸彦ベルト,海幸彦腰带
韋駄天のベルト,韦驮天腰带
殿堂のベルト,殿堂腰带
怪盗マスク,怪盗面具
黒い石,黑之石
ドクロのチャーム,骷髅吊饰
紅蓮のネックレス,红莲项链
銀氷のネックレス,银冰项链
緑風のネックレス,绿风项链
紫電のネックレス,紫电项链
原子のネックレス,原子项链
念波のネックレス,念波项链
聖天のネックレス,圣天项链
闇夜のネックレス,暗夜项链
メネフネチェーン,梅内胡内链子
ハワイアンレイの指輪,夏威夷鲜花戒指
フォルネウスバッジ,佛钮司徽章
あか鉄バッジ,垢铁徽章
豪血寺バッジ,豪血寺徽章
パンチdeバッジ,神拳de徽章
はったれバッジ,招摇撞骗徽章
ゴルフバッジ,高尔夫徽章
タフガイのベルト,铁人腰带
伊達男のハンドミラー,帅哥手镜
ルブランのお守り,卢布朗的护身符
マスターパンツ,老板严选内裤
二等航海士バッジ,二等海员徽章
一等航海士バッジ,一等海员徽章
キャプテンバッジ,船长徽章
小治癒促進パッチ,小治愈促进贴片
中治癒促進パッチ,中治愈促进贴片
大治癒促進パッチ,大治愈促进贴片
貼る小気功,贴贴小气功
貼る中気功,贴贴中气功
貼る大気功,贴贴大气功
勝利の祝杯,胜利的祝酒杯
魚神のバッジ,鱼神徽章
全能の真球,全能真球
完全神柱,完全神柱
不可視のベール,看不见的面纱
執着真珠,执着珍珠
迷惑腰巻,扩灾束腰
ホーリーストーン,神圣之石
自称特別捜査隊メガネ,自称特别搜查队眼镜
特別課外活動部の腕章,特别课外活动部臂章
セブンスエンブレム,七姐妹纹章
聖エルミン学園校章,圣艾尔敏学园校徽
ハンドヘルドCPU,携带型计算机
マヨナカのバンダナ,深夜头巾
携帯用・召喚銃,携带用·召唤枪
ホヌのチャーム,海龟吊饰
ティキキーホルダー,堤基钥匙圈
beastヘッドホン,beast耳机
バベレコヘッドホン,巴别耳机
子羊達の枕,小羊枕头
儀式のガントレット,仪式护手
葛葉の封魔管,葛叶的封魔管
フェザーマンバッジ,翔羽侠徽章
火紋の輝石,火纹辉石
氷紋の輝石,冰纹辉石
雷紋の輝石,雷纹辉石
風紋の輝石,风纹辉石
念紋の輝石,念纹辉石
核紋の輝石,核纹辉石
聖十字の輝石,圣十字辉石
骸骨紋の輝石,骸骨纹辉石
癒やしの輝石,疗愈辉石
究極の輝石,究极辉石
羽のリング,羽翼戒指
名手のドッグタグ,高手的狗牌
赤のリボン,红色缎带
火の粉のリング,星火戒指
紅蓮のリング,红莲戒指
大紅蓮のリング,大红莲戒指
火の粉の螺旋リング,星火螺旋戒指
紅蓮の螺旋リング,红莲螺旋戒指
大紅蓮の螺旋リング,大红莲螺旋戒指
粉雪のリング,细雪戒指
零度のリング,零度戒指
絶対零度のリング,绝对零度戒指
粉雪の螺旋リング,细雪螺旋戒指
零度の螺旋リング,零度螺旋戒指
絶対零度の螺旋リング,绝对零度螺旋戒指
微風のリング,微风戒指
嵐のリング,暴风戒指
大嵐のリング,大暴风戒指
微風の螺旋リング,微风螺旋戒指
嵐の螺旋リング,暴风螺旋戒指
大嵐の螺旋リング,大暴风螺旋戒指
帯電のリング,带电戒指
雷のリング,雷电戒指
大雷のリング,大雷电戒指
帯電の螺旋リング,带电螺旋戒指
雷の螺旋リング,雷电螺旋戒指
大雷の螺旋リング,大雷电螺旋戒指
昇天のリング,升天戒指
超昇天のリング,超升天戒指
昇天の螺旋リング,升天螺旋戒指
超昇天の螺旋リング,超升天螺旋戒指
祝いのリング,祝福戒指
祝賀のリング,祝贺戒指
大祝賀のリング,大祝贺戒指
祝いの螺旋リング,祝福螺旋戒指
祝賀の螺旋リング,祝贺螺旋戒指
大祝賀の螺旋リング,大祝贺螺旋戒指
呪殺のリング,咒杀戒指
大呪殺のリング,大咒杀戒指
呪殺の螺旋リング,咒杀螺旋戒指
大呪殺の螺旋リング,大咒杀螺旋戒指
呪いのリング,诅咒戒指
呪縛のリング,咒缚戒指
大呪縛のリング,大咒缚戒指
呪いの螺旋リング,诅咒螺旋戒指
呪縛の螺旋リング,咒缚螺旋戒指
大呪縛の螺旋リング,大咒缚螺旋戒指
万能リング,万能戒指
大万能リング,大万能戒指
極大万能リング,极大万能戒指
核熱のリング,核热戒指
極熱のリング,极热戒指
大極熱のリング,大极热戒指
核熱の螺旋リング,核热螺旋戒指
極熱の螺旋リング,极热螺旋戒指
大極熱の螺旋リング,大极热螺旋戒指
眩暈のバングル,眩晕手环
眩暈の螺旋バングル,眩晕螺旋手环
混乱のバングル,混乱手环
混乱の螺旋バングル,混乱螺旋手环
恐怖のバングル,恐惧手环
営業スマイルマスク,陪笑面具
忘却のバングル,遗忘手环
忘却の螺旋バングル,遗忘螺旋手环
睡眠のバングル,睡眠手环
睡眠の螺旋バングル,睡眠螺旋手环
激怒のバングル,狂怒手环
激怒の螺旋バングル,狂怒螺旋手环
絶望のバングル,绝望手环
絶望の螺旋バングル,绝望螺旋手环
洗脳のバングル,洗脑手环
扇動の冠,煽动之冠
吸血マスク,吸血面具
吸魔のマスク,吸魔面具
霊感の手鏡,灵异手镜
邪霊の手鏡,邪灵手镜
心霊カメラ,灵异相机
大邪炎の輪,大邪炎项圈
アルダナバンド,阿尔达手镯
細氷のユリ,碎冰百合
氷河の冠,冰河之冠
暴風の邪神像,暴风邪神像
真空波の冠,真空波之冠
女神の大雷角,女神的大雷角
雷神の誓願,雷神的誓愿
審判の十字架,审判十字架
回転説法の冠,回转讲道之冠
呪われた白リボン,被诅咒的白缎带
死んでくれる？の冠,可以为我而死吗？之冠
灼熱の竜角,灼热龙角
コズミックフレアの冠,宇宙火焰之冠
漆黒の蛇の冠,漆黑之蛇冠
明けの明星の冠,拂晓明星之冠
念力のリング,念力戒指
業念のリング,业念戒指
大業念のリング,大业念戒指
念力の螺旋リング,念力螺旋戒指
業念の螺旋リング,业念螺旋戒指
大業念の螺旋リング,大业念螺旋戒指
龍神の念動石,龙神的念动石
サイコフォースの冠,念动力之冠
突撃ベルト,突击腰带
アサルトベルト,冲锋腰带
メガトンベルト,百万吨腰带
神の手ベルト,神手腰带
ラッキーベルト,幸运腰带
ミラクルベルト,奇迹腰带
ラッシュベルト,突袭腰带
ガトリングベルト,加特林腰带
スラッシュベルト,突袭腰带
大切断ベルト,大斩断腰带
ブレイブベルト,勇气腰带
剣舞のベルト,剑舞腰带
八艘跳びベルト,八艘跳跃腰带
マイムールベルト,巴力神矛腰带
窮鼠のベルト,穷鼠腰带
レイズベルト,加倍腰带
死亡遊戯のベルト,死亡游戏腰带
指弾ベルト,指弹腰带
三連弾ベルト,三连弹腰带
必殺弾のベルト,必杀弹腰带
魔弾のベルト,魔弹腰带
二連弾ベルト,二连弹腰带
金剛発破ベルト,金刚发破腰带
空間殺法ベルト,空间杀法腰带
烈風ベルト,烈风腰带
ヒートベルト,灼热腰带
ギガントベルト,巨人腰带
暴れん坊のベルト,狂暴腰带
電光石火のベルト,电光石火腰带
バウンドベルト,界限腰带
アグネヤベルト,火神腰带
二連牙ベルト,二连牙腰带
パワーベルト,力量腰带
五月雨ベルト,五月雨腰带
刹那五月雨ベルト,刹那五月雨腰带
ハンマーベルト,战锤腰带
脳天ベルト,倒栽腰带
テラーベルト,恐惧腰带
ヘッドベルト,失忆腰带
夢見ベルト,织梦腰带
ヒステリーベルト,歇斯底里腰带
ネガティブベルト,消极腰带
脳髄ベルト,脑髓腰带
フラッシュベルト,闪光腰带
スライスベルト,乱心腰带
血祭りベルト,血祭腰带
忘殺ベルト,忘杀腰带
昏睡ベルト,昏睡腰带
神楽ベルト,神乐腰带
バッドビートベルト,绝望敲打腰带
大脳髄ベルト,大脑髓腰带
癒やしのチャーム,疗愈吊饰
治癒のチャーム,治愈吊饰
完治のチャーム,痊愈吊饰
癒やしの螺旋チャーム,疗愈螺旋吊饰
治癒の螺旋チャーム,治愈螺旋吊饰
完治の螺旋チャーム,痊愈螺旋吊饰
蘇生のチャーム,复苏吊饰
大蘇生のチャーム,大复苏吊饰
純真のロザリオ,纯洁的玫瑰念珠
アムリタチャーム,甘露吊饰
アムリタ螺旋チャーム,甘露螺旋吊饰
救世の冠,救世之冠
ひきつけリング,注目戒指
潜伏リング,潜伏戒指
目覚ましチャーム,觉醒吊饰
エナジー螺旋チャーム,能量螺旋吊饰
エナジーチャーム,能量吊饰
事無きのチャーム,宁息吊饰
目覚まし螺旋チャーム,觉醒螺旋吊饰
事無きの螺旋チャーム,宁息螺旋吊饰
羅刹のアンクル,罗刹脚环
金剛のアンクル,金刚脚环
キャットブローチ,猫胸针
ライザーアンクル,激昂脚环
羅刹の螺旋アンクル,罗刹螺旋脚环
金剛の螺旋アンクル,金刚螺旋脚环
韋駄天の螺旋アンクル,韦驮天螺旋脚环
崖っぷちブローチ,绝路胸针
非力のアンクル,乏力脚环
防弱のアンクル,防弱脚环
失速のアンクル,失速脚环
ランダマアンクル,随机脚环
非力の螺旋アンクル,乏力螺旋脚环
防弱の螺旋アンクル,防弱螺旋脚环
失速の螺旋アンクル,失速螺旋脚环
除霊アンクル,除灵脚环
洗礼アンクル,洗礼脚环
瞬間増強のアンクル,瞬间强化脚环
精神集中のアンクル,聚精会神脚环
リベリオンアンクル,反叛脚环
大革命のアンクル,大革命脚环
魔反鏡の護符,魔反镜护符
物反鏡の護符,物反镜护符
不滅の護符,不灭护符
鉄壁壊しの護符,破铁壁护符
魔鏡壊しの護符,破魔镜护符
火伏せの盾飾り,抗火盾饰
氷伏せの盾飾り,抗冰盾饰
雷伏せの盾飾り,抗雷盾饰
風伏せの盾飾り,抗风盾饰
火呼びのチャイム,召火铃
氷呼びのチャイム,召冰铃
風呼びのチャイム,召风铃
雷呼びのチャイム,召雷铃
熱伏せの盾飾り,抗热盾饰
念力伏せの盾飾り,抗念力盾饰
核熱呼びのチャイム,召核热铃
念力呼びのチャイム,召念力铃
リージェントR,摄政王R
女王の首飾りR,王后的项链R
スクーンの石R,命运之石R
コ・イ・ヌールR,光之山R
オルロフR,奥尔洛夫R
大帝の護符R,大帝的护符R
ホープダイヤR,希望钻石R
水晶髑髏R,水晶骷髅R
オリハルコンR,奥利哈钢R
勝負のリング,决胜戒指
目眩しの根付,幻视根付
核のブローチ,核子胸针
スターナイトグローブ,星夜手套
ムーンナイトギア,月夜耳机
看守の警棒,看守的警棍
フェザーマント,翔羽侠披风
デモニカデバイス,恶魔装置
シネマストラップ,电影挂绳
引継ぎスキルアクセ,继承技能饰品
ブランク(使用禁止),空栏(禁止使用)
ダークインナー,暗黑内搭衣
プリントTシャツ,印刷T恤
ネッカチーフ,领巾
スタジアムパーカー,运动外套
ドレスシャツ,礼服衬衫
スリムハイネック,修身高领衫
ピンクトップス,粉色上衣
ルーズカットソー,宽松针织衫
フォーマルシャツ,正装衬衫
ライトインナー,轻薄内搭衣
カオスインナー,混沌内搭衣
精鬼のすすけた防具,精鬼的老旧防具
ショルダーパッド,肩垫
強記のキャミ,背诵的小背心
山猫迷彩ベスト,山猫迷彩背心
メモリアルカラー,回忆围领
古い猫騎士の首輪,老旧的猫骑士项圈
猫騎士の首輪,猫骑士项圈
古い公爵の外套,老旧的公爵大衣
公爵の外套,公爵大衣
猫ニットブルゾン,猫用针织外套
古い天使のケープ,老旧的天使披肩
天使のケープ,天使披肩
古い夢魔のパジャマ,老旧的梦魔睡衣
夢魔のパジャマ,梦魔睡衣
聖人のトゥニカ,圣人的罗马袍
多機能エプロン,多功能围裙
護符シャツ,护符衬衫
そよ風スカーフ,微风领巾
シルクのドレス,丝绸礼服
極上シルクのドレス,顶级丝绸礼服
フロスト頭巾,霜精头巾
フロストエース頭巾,王牌霜精头巾
サバイバルベスト,生存背心
淑女のドレス,淑女礼服
無心の作務衣,无心作务衣
エリザベスカラー,伊丽莎白围领
古い式神装束,老旧的式神服
式神装束,式神服
古い妖精のチャイナ服,老旧的妖精旗袍
妖精のチャイナ服,妖精旗袍
古いカムイスカーフ,老旧的神威领巾
カムイスカーフ,神威领巾
コスモスインナー,宇宙内搭衣
ライトニングブラウス,雷霆罩衫
夜鍋の羽織,熬夜羽织
ラバーマフラー,橡胶围巾
霊験ドレス,显灵礼服
至高の霊験ドレス,尊贵不凡的显灵礼服
アスリートシャツ,运动服
パワードキャミ,强化小背心
ハードスカーフ,硬质领巾
古い仁義なき羽織,老旧的不义羽织
仁義なき羽織,不义羽织
古い猫又具足,老旧的猫妖盔甲
猫又具足,猫妖盔甲
古い鬼嫁エプロン,老旧的野蛮老婆围裙
鬼嫁エプロン,野蛮老婆围裙
血赤のカポーテ,血红斗牛士披肩
鮮血のカポーテ,鲜血斗牛士披肩
マンダラベスト,曼陀罗背心
エリュシオンローブ,极乐净土袍
法王の内衣,教皇的内搭衣
イドの首輪,本我的项圈
アーミーベスト,军队背心
ハードコルセット,硬质束腰紧身衣
イルミナカラー,闪亮围领
古い王家の聖衣,老旧的皇家圣衣
王家の聖衣,皇家圣衣
古い秘儀のローブ,老旧的秘密仪式袍
秘儀のローブ,秘密仪式袍
古い蛇皮スカーフ,老旧的蛇皮领巾
蛇皮スカーフ,蛇皮领巾
妖精騎士の胸当て,妖精骑士的护胸
幻魔の胸当て,幻魔的护胸
クールベスト,凉爽背心
チタンコルセット,钛金束腰紧身衣
希望のシャツ,希望衬衫
消沈の首輪,沉静项圈
タップスアン,荒霸吐项链
極上タップスアン,顶级荒霸吐项链
ギガントベスト,巨人背心
ハイレグインナー,高叉内搭衣
アルマダカラー,无敌围领
古い小悪魔インナー,老旧的小恶魔内搭衣
小悪魔インナー,小恶魔内搭衣
古い帯電スカーフ,老旧的带电领巾
帯電スカーフ,带电领巾
古いギリーベスト,老旧的吉利迷彩背心
ギリーベスト,吉利迷彩背心
刻露の羽織,刻露羽织
邪馬のドレス,邪马礼服
ルーンベスト,卢恩符文背心
ブレイヴスカーフ,勇气领巾
幸運のローブ,幸运长袍
超幸運のローブ,超幸运长袍
フルーテッドガード,轻钢板护具
パンツァードレス,装甲礼服
魯班尺の首輪,鲁班尺项圈
古い豹柄ベスト,老旧的豹纹背心
豹柄ベスト,豹纹背心
古い純真の首輪,老旧的纯洁项圈
純真の首輪,纯洁项圈
古い地母の黒タイツ,老旧的地母神黑裤袜
地母の黒タイツ,地母神黑裤袜
火消しの法被,消防员的号衣
爛欄ケープ,锐光披肩
エゴイストシャツ,自我主义内搭衣
ウォータークラウン,清水皇冠
Kフロストマント,霜精之王斗篷
超Kフロストマント,超级霜精之王斗篷
カイザーベスト,凯萨背心
トモエの胴丸,巴御前的甲胄
カンプフカラー,战斗围领
古い荒獅子スカーフ,老旧的舞狮领巾
荒獅子スカーフ,舞狮领巾
古いカムライターオ,老旧的迦梨脚环
カムライターオ,迦梨脚环
古い霊長ベスト,老旧的灵长背心
霊長ベスト,灵长背心
デモンズジャケット,恶魔夹克
バーンドレス,燃火礼服
アカシックシャツ,阿卡西衬衫
リリカルスカーフ,热情领巾
カルナの金衣,迦尔纳的黄金甲
破天の薄衣,破天薄衣
グロリアスカラー,辉煌围领
古い堕罪のビキニ,老旧的陷罪比基尼
堕罪のビキニ,陷罪比基尼
古い破壊神の勝負下着,老旧的破坏神决胜内裤
破壊神の勝負下着,破坏神决胜内衣
古い底なしスカーフ,老旧的无底洞领巾
底なしスカーフ,无底洞领巾
慈悲のスカーフ,慈悲领巾
イモータルベスト,永生背心
古い黒死のタイツ,老旧的黑死裤袜
黒死のタイツ,黑死裤袜
古い美魔女の黒衣,老旧的美魔女黑衣
美魔女の黒衣,美魔女黑衣
古い竜皮のスカーフ,老旧的龙皮领巾
竜皮のスカーフ,龙皮领巾
弘誓の鎧,弘誓之铠
ブラックジャケット,黑夹克
国造の衣,国造之衣
弘誓の鎧R,弘誓之铠R
大天使のブラ,大天使胸衣
超天使のブラ,超天使胸衣
黒羽の衣,黑羽之衣
黒羽の衣R,黑羽之衣R
ダークジャケット,暗黑夹克
国造の衣R,国造之衣R
黒い布,黑布
月光の衣R,月光之衣R
不器用なさらし,笨拙的缠胸布
月光の衣,月光之衣
明星の鎧,明星之铠
極・明星の鎧,极·明星之铠
御使いのすすけた防具,神使的老旧防具
長靴猫のすすけた防具,靴子猫的老旧防具
重騎士のすすけた防具,重骑士的老旧防具
憑代のすすけた防具,依附体的老旧防具
長老のすすけた防具,长老的老旧防具
花少女のすすけた防具,花少女的老旧防具
落人のすすけた防具,落败者的老旧防具
老猫のすすけた防具,老猫的老旧防具
女鬼のすすけた防具,女鬼的老旧防具
狼人のすすけた防具,狼人的老旧防具
女神のすすけた防具,女神的老旧防具
ヘビ男のすすけた防具,蛇男的老旧防具
悪女のすすけた防具,恶女的老旧防具
雷鳥のすすけた防具,雷鸟的老旧防具
黒ゾウのすすけた防具,黑象的老旧防具
雄豹のすすけた防具,雄豹的老旧防具
一角獣のすすけた防具,独角兽的老旧防具
影女のすすけた防具,影女的老旧防具
獅子のすすけた防具,狮子的老旧防具
猿王子のすすけた防具,猴王子的老旧防具
黒女王のすすけた防具,黑女王的老旧防具
大淫婦のすすけた防具,大淫妇的老旧防具
雷帝のすすけた防具,雷帝的老旧防具
貪欲王のすすけた防具,贪婪之王的老旧防具
踊り手のすすけた防具,舞者的老旧防具
呪術師のすすけた防具,咒术师的老旧防具
邪竜のすすけた防具,邪龙的老旧防具
光明ベスト,光辉背心
タオのローブ,道教长袍
イデアスカーフ,理想领巾
菩提の羽織,菩提羽织
ディバインガード,神圣护具
ウニオドレス,纤合礼服
プレロマカラー,完满围领
勝負師のワイシャツ,赌徒的素色衬衫
不動のシャツ,坚定衬衫
生命のベスト,生命背心
夜警の胸当て,夜哨的护胸
金色プレートキャリア,金色防弹背心
怨念のローブ,怨念长袍
宇宙服プロテクター,太空防护衣
黄衣のドレス,黄衣礼服
星の智慧ベスト,星之智慧背心
悪魔の果実,恶魔果实
ナオール錠50mg,疗伤药片50mg
ナオール錠100mg,疗伤药片100mg
タケミエール,武见特疗药
タケミナイエール,武见全疗药
タケミナイエールV,武见全疗药V
タケミナイエールZ,武见全疗药Z
コトナーキ,宁息软膏
リラックスゲル,舒心凝胶
シャキットカプセル,定神胶囊
マジック軟膏,魔法软膏
フィジカル軟膏,物理软膏
羅刹の札,罗刹符咒
韋駄天の札,韦驮天符咒
金剛の札,金刚符咒
カジャキエール,卡加消除液
クンダキエール,坤达消除液
火炎ビン,汽油弹
火炎バーナー,火焰喷枪
凍結スプレー,冻结喷雾
空気砲,空气炮
真空カッター,真空刀
スタンガン,电击棒
発電コイル,发电线圈
メギドボム,米吉多炸弹
聖体パン,圣体面包
わら人形,诅咒稻草人
業火の勾玉,业火勾玉
狂風の勾玉,狂风勾玉
烈寒の勾玉,烈寒勾玉
紫電の勾玉,紫电勾玉
サイコボム,精神炸弹
サイ・ホイール,念力转轮
アトムマッチ,原子火柴
核熱バクチク,核热鞭炮
ハッピーボム,红色炸弹
施餓鬼米,施饿鬼米
ノロイボム,诅咒炸弹
五寸釘,五寸钉
フキカエース,药赋活
ハンゴン軟膏,回魂软膏
タケミナトビオキール,武见强效全复生药
限定リカバーオイル,限定修护精油
DVDプレイヤー,DVD播放机
ガーデンエナジー,花园能量
植物栄養剤,植物营养剂
天然・植物栄養剤,天然·植物营养剂
神通の勾玉,神通勾玉
爆熱の勾玉,爆热勾玉
聖天の勾玉,圣天勾玉
怨念の勾玉,怨念勾玉
パソコン用工具セット,计算机专用工具组
びいどろの花瓶,玻璃花瓶
星形の手鏡,星型手镜
うみゃあ棒お徳用,妙味棒超值包
古書店を歩く,逛逛古书店
家電・マル秘買い物術,家电·秘传购物术
ハートのリング,心型戒指
ハートのネックレス,心型项链
ブランド香水,名牌香水
高級アロマセット,高级香氛组合
卓上用ミニサボテン,桌上型迷你仙人掌
フラワーバスケット,花篮
ローズバス,玫瑰浴礼盒
黒塗りのマグカップ,黑漆马克杯
桜の扇子,樱花扇
復刻版万年筆,复刻版钢笔
最新ロボット掃除機,最新型扫地机器人
バイクフィギュア,摩托车模型
ご当地キャラグッズ,当地吉祥物周边
スポットライト,聚光灯
煙幕,烟幕
催眠ミスト,催眠迷雾
鎮静アロマ,镇定香氛
存在消臭剤,存在消除剂
生糸の束,生丝束
厚手の羊皮紙,厚羊皮纸
ブリキの留め金,马口铁的金属扣
植物の香油,植物香油
コルクの樹皮,软木橡树皮
砂鉄,铁矿砂
集光レンズ,聚光透镜
アルミ板,铝板
なめし革,加工皮革
赤リンの粉,红磷粉
水銀,水银
凄訳・賢人たちの言葉,绝译·贤人们的名言
噂の心霊体験,传说中的灵异体验
心がおちつく片付け法,身心舒畅收纳法
ブチ公物語,忠犬斑公
パンチdeアウチ,神拳de痛击
ミニマムコーヒー,极小咖啡
宇多川の名水,宇多川名水
ブラウン管テレビ,显像管电视
剣豪武勇譚,剑豪武勇谈
花の知識大全,花卉知识大全
偉人異聞録,伟人异闻录
親分と呼ばれり,叫我首领
カラクリ解析新書,机关解析新书
色男蛮勇録,美男蛮勇录
ゴミくず,废物垃圾
金ばらまき,撒钱
アイテムばらまき,撒道具
じゃがりこ,长颈鹿薯条
砕けた岩塩,粉碎的岩盐
映画のチケット,电影票
映画02のチケット,电影02的票
映画03のチケット,电影03的票
映画04のチケット,电影04的票
夏のくじ連番10枚,夏季彩票连号10张
名物・秋じんパン,名产·秋境面包
火氷風電攻撃セット,火冰风雷攻击组合
念核祝呪攻撃セット,念核祝咒攻击组合
生まれ変わる下町,重生的小镇
スターフォルネウス,星战佛钮司
週末公園訪問,周末公园访问
垢太郎鉄道,垢太郎铁道
豪血寺一味,豪血寺一伙
ボーンアナライズ,识骨循迹
科学捜査班,探罪现场
ハングリー・ベティ,饿女贝蒂
バブリーヒル高校白書,飞越佛彼利
救急ドクター,急诊室的阴天
名菓・あめ納豆,名点心·蜜纳豆
イカ三昧,鱿鱼三昧
アイドル缶バッジ,偶像胸章
TOKYO神社通,TOKYO神社通
釣り堀のススメ,钓场推荐指南
四茶みちくさ4月号,闲逛四茶4月号
星空ミュージアム,星空博物馆
ジャックフロスト人形,杰克霜精玩偶
バーガーくん人形,汉堡君玩偶
ワナワナくん人形,颤抖君玩偶
レキシー人形,蕾西玩偶
宇治抹茶プリン,宇治抹茶布丁
トリュフチョコレート,松露巧克力
スポットハイライト,高亮聚光灯
素人のコーヒー,业余咖啡
苦すぎるコーヒー,极苦咖啡
洗礼水,洗礼水
除霊水,除灵水
恩寵の酒,恩典之酒
悔悟の灰,悔悟之灰
名物・濡れカツサンド,名产·湿炸猪排三明治
和柄のブックカバー,和风花纹书衣
かすていら,长崎蛋糕
深紅のルージュ,深红的口红
テトラハンマー,提特拉战锤
マカラハンマー,玛卡拉战锤
カジュアルロッド,简易钓竿
パワフルロッド,威力钓竿
ミラクルロッド,奇迹钓竿
アルギニドリンク,精胺酸饮料
胡椒博士NEO,胡椒博士NEO
カロリーメンバー,热量好同伴
ミリ飯MRE,军粮MRE
ミリ飯オートミール,军粮燕麦片
とりメシのミリ飯,军粮鸡肉饭
ミリ飯フルーツ,军粮水果
魚介青汁,鱼贝青汁
美肌青汁,美肌青汁
活性青汁,活性青汁
極苦青汁,极苦青汁
温泉青汁,温泉青汁
充実カロリズム,充实卡路里
夏のくじバラ10枚,夏季彩票散号10张
ハッピーチャプス,快乐棒棒糖
融氷石,融冰石
浄火玉,净火玉
除電晶,除电晶
盆ジュース,盂兰盆节果汁
サンドイッチ,三明治
フルーツデニッシュ,水果丹麦
焼きそばパン,炒面面包
クリーチャー,异兽
246茶,246茶
モロナミンG,莫乐蜜G
剛健美茶,刚健美茶
モンタ,奔达
後光の紅茶,后光的红茶
1UP,1UP
はったれ五右衛門,招摇撞骗五右卫门
プロゴルファー猿田彦,高尔夫玩童猿田彦
予告状ポストカード,预告信明信片
限定フレッシュアロマ,限定清新香氛
プロテイン,蛋白粉
湿ったプロテイン,潮湿的蛋白粉
昭和の揚げパン,昭和炸面包
超上級コース,超高级难度
破天荒コース,破天荒难度
初級コース,初级难度
中級コース,中级难度
上級コース,高级难度
びっくりサンド,惊奇三明治
グランドマザーバーグ,奶奶汉堡肉
ぷるるんフルーツティ,Q弹水果茶
トーテムポール,图腾柱
ほっこりコーヒー,暖心咖啡
あっちっティー,热情红茶
注入★パンケーキ,注入★松饼
かきかきオムレツ,酱绘欧姆蛋
小さな練り餌,小型混合饵
中くらいの練り餌,中型混合饵
大きな練り餌,大型混合饵
最高級練り餌,顶级混合饵
ヌシ用練り餌,鱼王混合饵
サターンポテト,土星薯条
限定アースバーガー,限定地球汉堡
限定ムーンバーガー,限定月球汉堡
スーパーノヴァーガー,超新星堡
からあげさん,炸鸡先生
春の果物バスケット,春季水果篮
異国の肉まん,异国肉包
怪盗ウエハースチョコ,怪盗威化巧克力
夏限定癒やし中華,夏季限定中华疗面
冬限定アゴダシおでん,冬季限定飞鱼高汤关东煮
パーティー缶詰セット,派对罐头组
最新デジカメ,最新型数字相机
最新美顔器,最新型美颜器
ノートパソコン,笔记本电脑
ミニドミニオン,迷你主天使
だいそうじょう(大),大僧正(大)
デカいデカラビア,巨型单卡拉比
ぎりぎりギリメカラ,勉勉强强基力梅卡拉
キラキラキンキ,闪亮亮金鬼
もふもふモスマン,毛茸茸天蛾人
映画16のチケット,电影16的票
キーピック,开锁工具
永久キーピック,无限开锁工具
予備弾丸,备用子弹
宝魔ホイホイ,宝魔诱饵
紅魚,红鱼
ザラブナ,糙鳞鲫鱼
ミヤビタナゴ,风雅镜鱼
ナナイロマス,七彩鳟鱼
シロー鯉,史郎鲤鱼
オタカラマス,稀宝鳟鱼
デリシャスタナゴ,美味镜鱼
無双ブナ,无双鲫鱼
市ヶ谷のヌシ,市谷鱼王
絆創膏,创可贴
全快点滴バッグ,痊愈输液袋
ルブランのコーヒー,卢布朗的咖啡
極上ルブランコーヒー,卢布朗的极致咖啡
そこそこのカレー,普普通通的咖喱
ルブランのカレー,卢布朗的咖喱
極上ルブランカレー,卢布朗的极致咖喱
連射ゲームの懸賞葉書,射击游戏抽奖明信片
点滴バッグ,输液袋
鉄道ゲームの懸賞葉書,铁路游戏抽奖明信片
格闘ゲームの懸賞葉書,格斗游戏抽奖明信片
拳闘ゲームの懸賞葉書,拳击游戏抽奖明信片
賭博ゲームの懸賞葉書,赌博游戏抽奖明信片
孔球ゲームの懸賞葉書,高尔夫游戏抽奖明信片
現代社会思想論考,现代社会思想考察
バッティングの神髄,打击的精髓
釣りのエッセンス,钓鱼的奥妙
図解・なっとく速読術,图解·顿悟速读术
魂がふるえる映像技法,震撼人心的拍摄技巧
中華スイーツなび,中华甜点指南
遊園地エスコート,游乐园向导
大怪盗・アルセーヌ,大怪盗·亚森
海賊伝説,海盗传说
大盗賊・ゾロ,大盗·佐罗
妖艶の踊り子,艳丽的舞娘
伝承の義賊,传奇侠盗
幻の女教皇,梦幻的女教皇
クトゥルフの嘆き,克苏鲁的叹息
闇を駆ける女,暗中活跃的女人
弓を携えた者,携弓者
メジエドの脅威,梅吉多的威胁
魅惑の会話術,魅惑的交谈术
ゲーム大技泉,游戏秘技宝典
バラ10枚,散号10张
連番10枚,连号10张
スクラッチくじ,刮刮乐
四茶亭軒助の落語全集,四茶亭轩助的落语全集
クラシック全集豪華版,古典乐全集豪华版
KGB49ベスト,KGB49精选
WITHゴースト,第七感生死爱
牢獄ブレイク,越狱风暴
探検野郎マック,百战天王
ランニングデッド,行尸跑路
Xフォルダー,X档案夹
グッパーGIRL,酷派GIRL
大人の納得デート,成熟的约会
ヒエールシート,冰凉贴
アタタカイロ,热呼呼暖暖包
ビーナスサラダ,维纳斯色拉
ワケアリン,啊嘶砒磷
ワケアリンα,啊嘶砒磷α
ワケアリンEX,啊嘶砒磷EX
パッチリ目薬,明目眼药水
安堵ーナッツ,安心甜甜圈
記憶の糸ピック,记忆牙线
スーラー茶,酸辣茶
風船,气球
ミリ飯コミスブロート,军粮黑麦面包
ミリ飯ビーフパティ,军粮牛肉饼
ミリ飯Dレーション,军粮D口粮
ミリ飯野菜シチュー,军粮蔬菜浓汤
ドリアンオレ,榴莲欧蕾
お!しるこ,哇！红豆汤
荒ごしポタージュ,粗滤浓汤
極甘酒,极甘酒
宇多川の名水・炭酸,宇多川名水·碳酸
プラセンウォーター,胎盘素精华水
イチゴカレー缶,草莓咖喱罐头
マヨイナゴ缶,蛋黄酱蝗虫罐头
ヒトデのミソ煮缶,味噌炖海星罐头
闇鍋缶,黑暗火锅罐头
ルブランコーヒー激苦,卢布朗超苦咖啡
ルブランコーヒー極苦,卢布朗极苦咖啡
そこそこのカレー激辛,普普通通的超辣咖喱
ルブランカレー激辛,卢布朗超辣咖喱
ルブランカレー極辛,卢布朗极辣咖喱
ラーメンどんぶり,海碗拉面
夜景ペナント,夜景三角旗
裸婦の彫像,裸女的雕像
スワンボート,天鹅船
スカイツリーライト,晴空塔灯光模型
巨大ヘラ,巨大煎铲
アイドルポスター,偶像海报
星座シール,星座贴纸
王将の置き物,王将的摆饰
ヒーローフィギュア,英雄模型
破魔矢,破魔箭
ILOVE東京シャツ,ILOVE东京衬衫
ノンビリガム,轻松口香糖
川上の本命チョコ,川上的真情巧克力
武見の本命チョコ,武见的真情巧克力
千早の本命チョコ,千早的真情巧克力
大宅の本命チョコ,大宅的真情巧克力
一二三の本命チョコ,一二三的真情巧克力
真の本命チョコ,真的真情巧克力
春の本命チョコ,春的真情巧克力
杏の本命チョコ,杏的真情巧克力
双葉の本命チョコ,双叶的真情巧克力
竜司の友情チョコ,龙司的友情巧克力
惣治郎の慈悲チョコ,惣治郎的同情巧克力
熊手,吉祥竹耙
しゅうまいクッション,烧卖抱枕
ジャイニャンくん人形,杰喵玩偶
寿司湯呑み,寿司茶杯
チョコファウンテン,巧克力喷泉
ファミリードライブ,FamilyDrive
迷えるヒツジ男人形,迷途羊男玩偶
ジャムパン,果酱面包
限定メロンパン,限定蜜瓜面包
名物・天使のタルト,名产·天使烤塔
名物・満月団子,名产·满月团子
ミックスナッツ,综合坚果
紅あずま,红番薯
噂の石焼き芋,传说中的烤番薯
月光ニンジン,月光胡萝卜
太陽のトマト,太阳西红柿
大地ビーンズ,大地鲜豆
星辰オニオン,星辰洋葱
杏の手作りプチシュー,杏的手工小泡芙
真の手作りドーナツ,真的手工甜甜圈
桜の飴細工,樱花艺术糖
川上の手作りタイ焼き,川上的手工鲷鱼烧
竜司ドッグ,龙司热狗
素人のカレー,外行咖喱
壊れたノートパソコン,坏掉的笔记本电脑
海外製プロテイン,外国制蛋白粉
毎日が水族館,天天水族馆
散歩する・ザ・中野,中野散散步
力の抹香,力之末香
魔の抹香,魔之末香
耐の抹香,耐之末香
速の抹香,速之末香
運の抹香,运之末香
力のリュウゼン香,力之龙涎香
魔のリュウゼン香,魔之龙涎香
耐のリュウゼン香,耐之龙涎香
速のリュウゼン香,速之龙涎香
運のリュウゼン香,运之龙涎香
力のニルヴァーナ香,力之涅盘香
魔のニルヴァーナ香,魔之涅盘香
耐のニルヴァーナ香,耐之涅盘香
速のニルヴァーナ香,速之涅盘香
運のニルヴァーナ香,运之涅盘香
ゴロゴロメンチ,滚滚炸肉饼
強筋サプリメント,强肌营养品
硬筋サプリメント,壮肌营养品
速筋サプリメント,快肌营养品
職人特製・桜餅,匠人特制樱饼
油彩セット,油画套组
水彩の絵ハガキ,水彩画明信片
牛革ペンケース,牛皮笔袋
ご当地カップ麺セット,地方名产泡面组合包
万能ビタミン剤,万能维生素片
シルバーバングル,白银手环
ウェイトリスト,负重腕带
スポーツサングラス,运动墨镜
キッチンツールセット,厨房工具组
48面立方体パズル,48面魔术方块
RESERVE ,RESERVE 
目眩の小ビン,晕眩小瓶子
目眩の大ビン,晕眩大瓶子
混乱の小ビン,混乱小瓶子
混乱の大ビン,混乱大瓶子
恐怖の小ビン,恐惧小瓶子
恐怖の大ビン,恐惧大瓶子
忘却の小ビン,遗忘小瓶子
忘却の大ビン,遗忘大瓶子
睡眠の小ビン,睡眠小瓶子
睡眠の大ビン,睡眠大瓶子
激怒の小ビン,狂怒小瓶子
激怒の大ビン,狂怒大瓶子
絶望の小ビン,绝望小瓶子
絶望の大ビン,绝望大瓶子
洗脳の小ビン,洗脑小瓶子
洗脳の大ビン,洗脑大瓶子
力魔のジャ香,力魔之麝香
力耐のジャ香,力耐之麝香
力速のジャ香,力速之麝香
力運のジャ香,力运之麝香
魔耐のジャ香,魔耐之麝香
魔速のジャ香,魔速之麝香
魔運のジャ香,魔运之麝香
耐速のジャ香,耐速之麝香
耐運のジャ香,耐运之麝香
ラスタのビャクダン香,三色檀香
フェザーマンシーカー,追踪翔羽侠
不死鳥戦隊の懸賞葉書,不死鸟战队的抽奖明信片
バッティング無料券,打击场免费券
ライザーサプリメント,激昂保健品
市ヶ谷の裏番長,市谷的鱼王之王
ジャアクフロスト人形,邪恶霜精玩偶
ブチまる君人形,布琪丸君玩偶
じゃがお人形,脆薯爸玩偶
正体不明の練り餌,成分不明的混合饵
ハイテクロッド,高科技钓竿
ウミウシ人形,海蛞蝓玩偶
フェザーマン人形,翔羽侠玩偶
すみれの本命チョコ,堇的真情巧克力
杏の義理チョコ,杏的人情巧克力
真の義理チョコ,真的人情巧克力
春の義理チョコ,春的人情巧克力
双葉の義理チョコ,双叶的人情巧克力
武見の義理チョコ,武见的人情巧克力
千早の義理チョコ,千早的人情巧克力
川上の義理チョコ,川上的人情巧克力
大宅の義理チョコ,大宅的人情巧克力
一二三の義理チョコ,一二三的人情巧克力
すみれの義理チョコ,堇的人情巧克力
冴の義理チョコ,冴的人情巧克力
真と選んだお菓子,跟真一起挑选的零食
春と選んだお菓子,跟春一起挑选的零食
杏と選んだお菓子,跟杏一起挑选的零食
双葉と選んだお菓子,跟双叶一起挑选的零食
千早と選んだお菓子,跟千早一起挑选的零食
武見と選んだお菓子,跟武见一起挑选的零食
川上と選んだお菓子,跟川上一起挑选的零食
大宅と選んだお菓子,跟大宅一起挑选的零食
一二三と選んだお菓子,跟一二三一起挑选的零食
すみれと選んだお菓子,跟堇一起挑选的零食
深紅のバラ,深红色玫瑰
黄色いガーベラ,黄色非洲菊
青いヒヤシンス,蓝色风信子
気力補給キットS,气力补给包S
気力補給キットL,气力补给包L
マイダーツ,私人飞镖
ジャンプキュー,跳杆
反魂ロイヤルゼリー,回魂蜂王浆
飯屋特製・イチゴ大福,饭屋特制草莓大福
プロに学ぶダーツテク,跟职业选手学飞镖技巧
開眼ビリヤードテク,台球技巧大开窍
エスカレートな妻たち,激情的主妇
Dr.マウス,怪医毛斯
24日,24拖稿任务
グリーン,欢乐高球团
スタンプカード,集点卡
クララの特別な写真,库拉拉的特别照片
薄味チーズ,清淡芝士
濃厚チーズ,浓醇芝士
極濃チーズ,极浓芝士
カボチャスープパック,南瓜汤速溶包
オトナの知恵の輪,成人智慧环
もっちりクッション,懒骨头坐垫
高性能電動歯ブラシ,高性能电动牙刷
超騒音目覚まし時計,超级噪音闹钟
卓上アロママシーン,桌上型薰香机
竜の刀キーホルダー,缠龙刀钥匙圈
因数分解的勉強法,因式分解学习法
ハッスルサプリメント,斗志营养品
ウィンナーゼリー,香肠果冻
虚弱性・消毒スプレー,虚弱性消毒喷雾
柔軟性・消毒スプレー,柔软性消毒喷雾
速効性・消毒スプレー,速效性消毒喷雾
究極の消毒スプレー,究极消毒喷雾
覚醒芳香剤,觉醒芳香剂
超覚醒芳香剤,超觉醒芳香剂
未使用,未使用
灰をまとった娘,灰姑娘童话
宝玉林檎,宝玉苹果
チガACE,返地ACE
聖骸布,圣骸布
ウィジャ盤,通灵板
瞬間増強の札,瞬间强化符咒
壮絶弱体の札,壮烈弱体符咒
火の勾玉,火之勾玉
風の勾玉,风之勾玉
雷の勾玉,雷之勾玉
氷の勾玉,冰之勾玉
不滅の札,不灭符咒
力向上の札,力量强化符咒
精神向上の札,精神强化符咒
求道者の工具,求道者的工具
ものづくりのイロハ,物品制作入门
肉汁たっぷり肉まん,多汁肉包
ナポリタンまん,拿坡里意面肉包
サンショウ肉まん,山椒肉包
コンビーフスペシャル,特选腌牛肉
シリアルミックス,麦片大补帖
ボンバーポップコーン,炸弹爆米花
お楽しみ古着セット,旧衣福袋组
ミリ飯おせち,军粮年菜
ミリ飯モンブラン,军粮蒙布朗
ミリ飯ケバブ,军粮土耳其烤肉
限定包楽ちまき,限定包乐粽
新春限定おせちチョコ,新春限定年菜巧克力
解心新書・乱,解心新书·乱
消える魔球コース,神隐魔球难度
親父の霊薬,老爸的妙药
ビリヤードの魔術師,台球魔术师
速運のジャ香,速运之麝香
カフェ・ルブランの鍵,卢布朗咖啡店的钥匙
モデルガン入りの紙袋,装了模型枪的纸袋
古びた鍵,陈旧钥匙
邪なる雪の結晶,邪恶的雪晶
粘着毛玉,黏性毛球
二重細工のしおり,双重巧制书签
川上からのペンケース,川上送的笔盒
武見からのマフラー,武见送的围巾
千早からの香水,千早送的香水
大宅からのカメラ,大宅送的相机
一二三からの手袋,一二三送的手套
真からの腕時計,真送的手表
春からの帽子,春送的帽子
杏からのイヤーマフ,杏送的暖耳罩
双葉からのヘッドホン,双叶送的耳机
ブチまる君の電卓,布琪丸君的计算器
珈琲染めのハンカチ,咖啡染的手帕
杏が表紙の雑誌,杏上封面的杂志
約束ノート,约定笔记
永久指名券,无限指名券
ドッグタグ,狗牌
運命のタロットカード,命运的塔罗牌
極秘取材メモ,机密采访记录
香車の駒,香车棋子
スポーツウォッチ,运动手表
モルガナのスカーフ,摩尔加纳的领巾
レシピノート,食谱笔记
ルポ本のあらすじ,采访纪实大纲
ヤモリのピンズ,壁虎领针
囚人房の鍵,牢房的钥匙
欲望と希望の絵画,欲望与希望的画作
高級万年筆,高级钢笔
銃型コントローラー,枪型控制器
弁護士の名刺,律师名片
革の黒グローブ,黑色皮手套
新体操用クラブ,艺术体操棒
研究用の手帳,研究笔记
古城の地図,古城的地图
塔の地図,塔的地图
カモシダ金メダル,鸭志田金牌
王の書,王之书
王妃の書,王妃之书
奴隷の書,奴隶之书
緑の稼働キー,绿色启动钥匙
赤の稼働キー,红色启动钥匙
色欲の右目,色欲的右眼
情欲の左目,情欲的左眼
起動キー・右,启动钥匙·右
起動キー・左,启动钥匙·左
シャドウ金城の手帳？,暗影金城的笔记本？
破り取られたページ1,被撕掉的内页1
破り取られたページ2,被撕掉的内页2
破り取られたページ3,被撕掉的内页3
破り取られたページ4,被撕掉的内页4
破り取られたページ5,被撕掉的内页5
破り取られたページ6,被撕掉的内页6
奈落の宝玉,深渊的宝玉
拒絶の宝玉,拒绝的宝玉
自責の宝玉,自责的宝玉
庇護の宝玉,庇护的宝玉
メンバーズ・カード,会员卡
盗まれたパピルス,被偷走的莎草纸
ピラミッドの見取り図,金字塔的结构图
メンバーズ用案内図,会员楼层专用导览图
ハイレート用案内図,高倍率楼层专用导览图
銀行地下の設計図,银行地下层的设计图
ハイレート・カード,高倍率卡
宇宙基地の地図,宇宙基地的地图
係長の社員証,系长的员工证
課長の社員証,课长的员工证
部長の社員証,部长的员工证
美術館の見取り図・上,美术馆的结构图·上
美術館の見取り図・下,美术馆的结构图·下
銀行内の設計図,银行内部的设计图
銀行用カードキー,银行的钥匙卡
カジノの案内図,赌场的导览图
セキュリティキー,安保钥匙
船内の案内図,船舱的导览图
レストランの会員証,餐厅的会员证
VIPの紹介状,VIP的介绍信
朱色の円盤,朱红色圆盘
ワイヤーフック,勾绳
建物の青写真,建筑物的蓝图
研究所の設計図,研究所的设计图
関係者用ID,工作人员识别证
古びたビデオテープ,老旧的录像带
近代錬筋術,现代炼肌术
スタンプシート,集章卡
明星リリナの新曲CD,明星璃璃奈的新歌CD
小さな鍵,小巧的钥匙
ジョゼのホシ,约瑟的星石
寄木細工のしおり,拼木工艺书签
星形の水盤,星形水盘
貴人からの書状,来自贵人的信函
ダーツ無料券,飞镖免费券
色欲の赤いイシ,色欲的红色欲石
色欲の緑のイシ,色欲的绿色欲石
色欲の青いイシ,色欲的蓝色欲石
虚飾の赤いイシ,虚荣的红色欲石
虚飾の緑のイシ,虚荣的绿色欲石
虚飾の青いイシ,虚荣的蓝色欲石
暴食の赤いイシ,暴食的红色欲石
暴食の緑のイシ,暴食的绿色欲石
暴食の青いイシ,暴食的蓝色欲石
憤怒の赤いイシ,愤怒的红色欲石
憤怒の緑のイシ,愤怒的绿色欲石
憤怒の青いイシ,愤怒的蓝色欲石
強欲の赤いイシ,贪婪的红色欲石
強欲の緑のイシ,贪婪的绿色欲石
強欲の青いイシ,贪婪的蓝色欲石
嫉妬の赤いイシ,嫉妒的红色欲石
嫉妬の緑のイシ,嫉妒的绿色欲石
嫉妬の青いイシ,嫉妒的蓝色欲石
傲慢の赤いイシ,傲慢的红色欲石
傲慢の緑のイシ,傲慢的绿色欲石
傲慢の青いイシ,傲慢的蓝色欲石
悲嘆の赤いイシ,悲叹的红色欲石
悲嘆の緑のイシ,悲叹的绿色欲石
悲嘆の青いイシ,悲叹的蓝色欲石
栄光ある王の杖,荣光权杖
祝福のラッパ,祝福号角
勝者の月桂冠,胜利者的月桂冠
磁器のティーカップ,磁器茶杯
銀色のカトラリー,银色餐具
怪火のランタン,怪火提灯
裸婦の燭台,裸女烛台
鉄球つきの足枷,铁球脚镣
錠前のついた首輪,铁锁项圈
刃こぼれした剣,刃面受损的剑
穴の空いた兜,破洞头盔
つぶれた盾,受损的盾
錆びた鎖の手錠,生锈的锁链手铐
欠けたワイングラス,破损的酒杯
美人の浮世絵,美女浮世绘
山水の水墨画,山水的水墨画
花鳥画の掛け軸,花鸟画的挂轴
戯画の絵巻物,戏画的绘卷
般若の能面,般若面具
獣毛の絵筆,兽毛画笔
良質な和紙,优质和纸
ほつれた帯,脱线的衣带
ヒビ割れた花瓶,龟裂的花瓶
すすけた鉄瓶,发黑的铁瓶
無銘の茶碗,无铭的茶碗
プラスチックの額縁,塑料画框
下手な自画像,难看的自画像
いびつな自刻像,歪掉的自刻像
金の記念硬貨,纪念金币
大手企業の株券,大企业的股票
コハクの印鑑,琥珀印章
貴重な古紙幣,贵重的古纸币
珍しい古銭,珍奇的古钱
古めかしいコイン,老旧的硬币
革の印鑑ケース,皮革印章盒
金庫のダイヤル,金库转盘锁
マネーカウンター,点钞机
実務用電卓,商务计算器
インク切れの万年筆,墨水用尽的钢笔
開かずの南京錠,打不开的挂锁
すり切れたゴム印,磨损的橡皮印章
くたびれた財布,老旧的钱包
宝玉をまとうミイラ,挂着宝玉的木乃伊
黄金のウラエウス,蛇形黄金纪念章
王族のカノプス壺,王族的卡诺卜坛
小ぶりなバステト像,小巧的芭丝特像
スカラベの護符,圣甲虫护符
ミイラマスク,木乃伊面具
傷の入った宝剣,受损的宝剑
錆びついたアンク,生锈的生命之符
ちぎれたパピルス文書,破损的莎草纸文书
砕けたラーの壁画,破碎的太阳神壁画
砕けたセクメトの壁画,破碎的塞赫麦特壁画
朽ちた棺の欠片,腐朽棺材的碎片
曲がった杖,弯曲的杖
崩れた柱の破片,崩塌的柱子碎块
発光する月の石,发光的月之石
未知のレアメタル,未知的稀有金属
賢者のアストロラーベ,贤者的星盘
UFO型ドローン,UFO型无人机
ブレード型ライト,光剑型手电筒
虹色の発光ダイオード,七彩二极管
宇宙船のハンドル,宇宙飞船的方向盘
ロボットのアーム,机器人的手臂
レーダーのアンテナ,雷达的天线
壊れた装着型望遠鏡,损坏的穿戴型望远镜
冷凍された宇宙食,冷冻太空食品
穴の空いた基板,破洞的基板
割れたソーラーパネル,破裂的太阳能板
ゆがんだホイール,歪掉的轮
ブランドの腕時計,名牌手表
金のピアス,黄金耳饰
象眼細工の杖,巧制的象眼杖
銀縁のモノクル,银框的单片眼镜
象牙のダイス,象牙骰子
ディーラーのリング,发牌员的戒指
手品師の蝶ネクタイ,魔术师的领结
プロ仕様のダーツ,职业规格的飞镖
カードシャッフラー,洗牌机
ダイスシェーカー,自动骰盅
鈍色のカフスボタン,深灰色的袖扣
変色したシルクハット,变色的大礼帽
吸いかけの葉巻,吸到一半的雪茄
不揃いのトランプ,不齐全的扑克牌
宝石珊瑚のペンダント,宝石珊瑚坠饰
黒真珠のネックレス,黑珍珠项链
黒檀の化粧箱,黑檀化妆盒
大理石のチェス盤,大理石棋盘
ベッコウのかんざし,玳瑁发簪
カメオのブローチ,浮雕胸针
螺鈿細工の皿,巧制的螺钿盘子
孔雀の扇,孔雀羽扇
青銅の羅針盤,青铜罗盘
真鍮の懐中時計,黄铜怀表
ぜんまいのオルゴール,发条八音盒
古風な万華鏡,古风的万花筒
ミラーボール,镜球
仮装用の仮面,乔装用的面具
特大な金塊,特大金块
大きな金塊,大金块
小さな金塊,小金块
ギザギザの銀銭,粗糙的银币
穴のあいた銀銭,开孔的银币
薄っぺらい銀銭,虚薄的银币
ギザギザの銅銭,粗糙的铜币
穴のあいた銅銭,开孔的铜币
薄っぺらい銅銭,虚薄的铜币
オニキス,缟玛瑙
パール,珍珠
アメジスト,紫水晶
ターコイズ,绿松石
オパール,蛋白石
トパーズ,黄玉
ガーネット,石榴石
アクアマリン,海蓝宝石
ルビー,红宝石
エメラルド,祖母绿
サファイア,蓝宝石
ダイヤモンド,钻石
ヒスイ,翡翠
プラチナ,白金
点かない無影灯,打不开的手术灯
はみ出た磁気テープ,脱落的磁带
絡まったUSBコード,纠缠不清的USB线
印刷ミスのポスター,印刷错误的海报
空のボイスレコーダー,空白的录音笔
レーザーポインター,激光笔
型落ちした変圧器,型号老旧的变压器
外れたメーターパネル,被拆除的仪表板
歪んだ凸レンズ,扭曲的凸透镜
旧型プロジェクター,旧型投影机
小型音感センサー,微型声音传感器
狂ったサーモスタット,失控的温度调节器
鳴らない警笛,不会响的警哨
穴の空いた制帽,破洞的警帽
へし折れた警棒,折断的警棍
壊れた手錠,坏掉的手铐
つやがある鉄球鎖,散发光泽的铁球锁
綺麗に整った囚人服,漂亮整齐的囚服
刑務官のピンバッチ,狱警的徽章
高音質メガホン,高音质扩音器
鋭い有刺鉄線,尖锐的刺铁丝
金の記章,金色的纪念章
黄金の帽章,黄金帽徽
銀の腕章,银色臂章
銅の塊,铜块
銅の鎖,铜锁链
銅の手形,铜手印
銅のハート,铜心
銅の星,铜星
銅の月,铜月
銅の霧,铜雾
銀の塊,银块
銀の鎖,银锁链
銀の手形,银手印
銀のハート,银心
銀の星,银星
銀の月,银月
銀の霧,银雾
金の塊,金块
金の鎖,金锁链
金の手形,金手印
金のハート,金心
金の星,金星
金の月,金月
金の霧,金雾
プラチナの塊,白金块
ダイヤモンドの塊,钻石块
アタックナイフ,进击小刀
ククリナイフ,廓尔喀刀
怪盗紳士ステッキ,怪盗绅士手杖
ブリズダガー,冰封匕首
アセイミナイフ,仪式小刀
スキナーナイフ,剥皮小刀
スタンダガー,电击匕首
キリングメス,夺命手术刀
ハルペーナイフ,月牙镰刀
プロ用スキナーナイフ,专业级剥皮小刀
メガナイフ,超级小刀
ロワイヤルダガー,皇家匕首
マチェットナイフ,开山刀
バゼラードナイフ,巴赛拉德短剑
逆上ダガー,狂怒匕首
名人のパリングダガー,名人的格挡匕首
ミセリコルデ,慈悲短剑
パリングダガー,格挡匕首
コピスナイフ,科皮斯弯刀
イグナイター,炽火刀
パラダイスロスト,失乐园
ノーマルロッド,普通棍棒
ヘルスラッガー,地狱强棒
ジャッジメイス,审判钉锤
重鋼管,重钢管
バトルハンマー,战锤
高級鉄パイプ,高级铁管
ヘビーメイス,重型钉锤
スパイクロッド,尖刺棍棒
玄翁,玄翁
鬼パイプ,鬼铁管
親方用玄翁,工头专用玄翁
ガイアプレッサー,盖亚镇压者
永遠の昏睡棒,永眠的昏睡棒
スタンバトン,电击棍
竜神棒,龙神棒
グランドプレッサー,大地镇压者
アルマゲドンロッド,末日棍棒
超メガトンロッド,超百万吨棍棒
熱血バット,热血球棒
如意棒,如意棒
昏睡棒,昏睡棒
ギャング・スター,暴徒之星
ミョルニル,妙尔尼尔
バンディットソード,劫匪之剑
首狩り杓子,猎头勺
雨月の曲剣,雨月弯刀
ソニックブレード,音速刀
シミター,短弯刀
タルワール,塔尔瓦刀
スリーパーブレード,安眠刀
シャムシール,新月刀
血のシミター,弑血短弯刀
やすらいの剣,夜须礼之剑
頭領の曲剣,首领的弯刀
コスモプラズマソード,宇宙电浆剑
ダマスカスソード,大马士革剑
熱き血潮の剣,热血之剑
へヴィサーベル,重型军刀
パニックソード,慌乱之剑
ブライトソード,灵光剑
アンスウェラー,应答者
クレイヴソリッシュ,光之剑
ゴッドセーバー,神威军刀
レザーウィップ,皮鞭
スキンリッパー,裂肤者
ヒートウィップ,炽红鞭
戦士の鞭,战士鞭
土産の飾り鞭,伴手礼的装饰鞭
バーンウィップ,燃火鞭
女傑の鞭,女英豪之鞭
蛇腹剣,蛇腹剑
電磁ウィップ,电磁鞭
ミラージュウィップ,幻象鞭
ストライクテイル,强袭之尾
大蛇腹剣,大蛇腹剑
チェーンウィップ,锁链鞭
フィアーオブペイン,痛楚之畏
スパイクウィップ,尖刺鞭
ハードブランチ,坚桠
ギルティーウィップ,罪恶鞭
山羊革のウィップ,山羊皮鞭
雪の女王の鞭,冰雪女王鞭
奈落の鞭,深渊之鞭
日本刀,日本刀
軍刀,军刀
斬銅刀,斩铜刀
唯美の太刀,唯美太刀
村雨,村雨
アンティーク軍刀,古董军刀
制式刀,制式刀
小江戸の刀,小江户刀
蛇牙刀,蛇牙刀
月光,月光
居合刀,居合刀
大蛇刀,大蛇刀
大脇差,大胁差
夢想正宗,梦想正宗
達人の居合刀,名匠的居合刀
血繁吹く魔刀,溅血魔刀
快刀・乱麻,快刀·乱麻
薄緑,薄绿
仕込み煙管,烟管刀
豪刀“千両役者",豪刀『千两名角』
ブラスナックル,黄铜拳套
ヘルナックル,地狱拳套
メタルダスター,重金扫荡者
親父の拳,人父之拳
鉄拳,铁拳
マッハパンチ,马赫拳套
鬼の拳骨,魔鬼霸拳
フラッシュパンチ,闪光拳套
オメガナックル,终极拳套
バウトグローブ,竞赛拳套
サンクション,制裁
ベアグローブ,小熊手套
拳骨,霸拳
サバジオス,萨巴兹乌斯
ヴァジュラ,金刚杵
統制の鞭,统治之鞭
鉄パイプ,铁管
アクス,战斧
メガアクス,超级战斧
クレセントアクス,新月战斧
アイスドアクス,寒冰战斧
セルティス,凿斧
金太郎印の斧,金太郎印的斧头
アマゾネスアクス,亚马逊战斧
ビッグバンアクス,大爆炸战斧
ギルガメスアクス,基加美修战斧
フルールドマル,恶之华战斧
ナックルダスター,手指虎
デルタナックル,三角拳套
ヘビーグリップ,重击拳套
ルミナサーベル,辉光军刀
ヒノカグツチ,火之迦具土
クェーサーサーベル,类星体军刀
ヒノカグツチ改,火之迦具土·改
ファルシオン,弯刃大刀
マスカレイドリボン,虚幻缎带
分銅鎖,分铜锁
断末魔の斧,濒死之斧
バルディッシュ,半月斧
デスコントラクト,死亡契约
黒い小刀,黑色小刀
やっかみチェーン,嫉妒锁链
教祖の御手,教祖之手
ヤマカンサーベル,博运军刀
シルバーダガー,白银匕首
ノコギリサーベル,锯齿军刀
覚醒時かすみ突剣,霞觉醒时刺剑
援助時かすみ突剣,霞援助时刺剑
レイピア,西洋剑
シナイの神剣,西奈神剑
シナイの神剣改,西奈神剑·改
大怪盗ステッキ,大怪盗手杖
パラダイスロストR,失乐园R
圧殺のミョルニル,扼杀的妙尔尼尔
破天の如意棒,破天如意棒
首狩りの大杓子,猎头巨勺
クレイヴソリッシュR,光之剑R
マスカレイドリボンR,虚幻缎带R
雪の女王の鞭改,冰雪女王鞭·改
大奈落の鞭,大深渊之鞭
“千両役者"・真打,『千两名角』·真打
薄緑・真打,薄绿·真打
ビックベアグローブ,大熊手套
ゴルディオス,戈耳狄俄斯
無比のヴァジュラ,无双金刚杵
デスプロミス,死亡承诺
フルールドマルR,恶之华战斧R
プラズマナイフ,电浆小刀
アークメイス,始祖钉锤
メギストスソード,莫吉斯堤斯之剑
バルログウィップ,炎魔鞭
化結心刀,化结心刀
流星ナックル,流星拳套
太極の斧,太极之斧
ドレッドサーベル,骇人军刀
白雪のレイピア,白雪西洋剑
パニッシュダガー,惩治匕首
ラストハンマー,最终之锤
バーティカルエッジ,矗锋锐剑
グラウプニル,缚狼锁
天一文字,天一文字
チャンピオン,拳王
クルセイダー,十字军
ギロチンサーベル,断头军刀
ジラハボック,穿甲刺剑
暗黒の曲剣,暗黑弯刀
ムトの曲剣,姆特弯刀
バカラナックル,百家乐拳套
ビクトリービーム,胜利之光
決意のレイピア,决意西洋剑
アンフィニサーベル,无限军刀
情報支援に指示を出す,对情报支援发出指示
特殊な行動をする,进行特殊行动
武器で攻撃する,使用武器进行攻击
スキルを使用する,使用技能
仲間にチャンスを託す,将机会交给同伴
アイテムを使用する,使用道具
逃亡する,逃亡
裏取り引き,暗中交易
お宝をよこせ,交出宝物
ヒミツを吐け,说出秘密
処刑タイム,处刑时间
銃を下ろす,把枪放下
ペルソナを入手する交渉開始,开始获取人格面具的交涉
アイテムを入手する交渉開始,开始获取道具的交涉
情報を入手する交渉開始,开始获取情报的交涉
敵を全滅させ、戦闘終了,打倒全部敌人，结束战斗
逃走する,逃走了……
衣装なし,无服装
秀尽学園高校制服・冬,秀尽学园高中校服·冬
ダークスーツ,暗黑装
ファントムスーツ,幻影装
パイレーツアーマー,海盗护甲
モルガナセット,摩尔加纳套装
レッドラバースーツ,红色橡胶紧身衣
盗み装束,盗贼服
メタルライダース,金属骑士装
銃士の正装,火枪手的正装
サイバースーツ,电子装
プリンススーツ,王子装
ブラックレオタード,黑色半体服
反逆の制服・夏,反抗的校服·夏
反逆の制服・冬,反抗的校服·冬
反逆の私服・夏,反抗的便服·夏
反逆の私服・冬,反抗的便服·冬
反逆のジャージ,反抗的运动服
反逆の水着,反抗的泳装
反逆の部屋着,反抗的居家服
月光館学園制服,月光馆学园校服
アイギス衣装,埃癸斯服装
八十神高校制服,八十神高中校服
クマ衣装,小熊服装
聖エルミン学園制服,圣艾尔敏学园校服
トリッシュ衣装1,翠西服装1
七姉妹学園制服,七姐妹学园校服
トリッシュ衣装2,翠西服装2
春日山高校制服,春日山高中校服
ヴィンセントの普段着,文森特的日常服
オーランドのシャレ着,奥兰德的时尚服
子羊の着ぐるみ,羔羊的布偶装
キャサリンの白キャミ,凯瑟琳的白色小背心
ジョニーのコート,强尼的大衣
キャサリンの普段着,凯瑟琳的日常服
エリカの給仕服,艾莉卡的餐厅制服
トビーのツナギ,托比的工作服
バーマスターのスーツ,酒吧老板的西装
リンのワンピース,琳的连身洋装
軽子坂高校制服,轻子坂高中校服
魔神皇の正装,魔神皇的正装
執事服,管家服
メイド服,女仆装
クリスマスウェア,圣诞节服装
ダンシングウェア,舞蹈服装
シャドウワーカー制服,暗影行者制服
サムライ衆衣装,武士众服装
バロウズ衣装,柏洛兹服装
高等師範学校制服,高级师范学校校服
業斗童子衣装,业斗童子服装
桜爛女学院制服,樱烂女子学院校服
帝国陸軍の軍服,帝国陆军军服
スターナイトウェア,星夜服
ムーンナイトウェア,月夜服
群青色の衣服,群青色服装
長鼻の服,长鼻子服装
フェザーマンスーツ,翔羽侠战斗服
頭部ありデモニカ,含头部的恶魔兵装
頭部なしデモニカ,不含头部的恶魔兵装
ニューシネマウェア,新电影服装
ブランク(使用禁止) ,空白(禁止使用) 
宣戦布告,宣战宣言
ブランクカード,空白卡片
クリティカル威力増1,暴击威力增加1
クリティカル威力増2,暴击威力增加2
クリティカル威力増3,暴击威力增加3
クリティカル威力増4,暴击威力增加4
クリティカル威力増★,暴击威力增加★
回復SP減少1,恢复SP减少1
回復SP減少2,恢复SP减少2
回復SP減少3,恢复SP减少3
回復SP減少4,恢复SP减少4
回復SP減少★,恢复SP减少★
状態異常付着UP1,附着异常状态UP1
状態異常付着UP2,附着异常状态UP2
状態異常付着UP3,附着异常状态UP3
状態異常付着UP4,附着异常状态UP4
状態異常付着UP★,附着异常状态UP★
攻撃魔法SP減少1,攻击魔法SP减少1
攻撃魔法SP減少2,攻击魔法SP减少2
攻撃魔法SP減少3,攻击魔法SP减少3
攻撃魔法SP減少4,攻击魔法SP减少4
攻撃魔法SP減少★,攻击魔法SP减少★
物理技HP減少1,物理技能HP减少1
物理技HP減少2,物理技能HP减少2
物理技HP減少3,物理技能HP减少3
物理技HP減少4,物理技能HP减少4
物理技HP減少★,物理技能HP减少★
単体ダメージ増1,单体伤害增加1
単体ダメージ増2,单体伤害增加2
単体ダメージ増3,单体伤害增加3
単体ダメージ増4,单体伤害增加4
単体ダメージ増★,单体伤害增加★
一騎当千1,万夫莫敌1
全体ダメージ増2,全体伤害增加2
全体ダメージ増3,全体伤害增加3
全体ダメージ増4,全体伤害增加4
全体ダメージ増★,全体伤害增加★
物理ダメージ増1,物理伤害增加1
物理ダメージ増2,物理伤害增加2
物理ダメージ増3,物理伤害增加3
物理ダメージ増4,物理伤害增加4
物理ダメージ増★,物理伤害增加★
魔法ダメージ増1,魔法伤害增加1
魔法ダメージ増2,魔法伤害增加2
魔法ダメージ増3,魔法伤害增加3
魔法ダメージ増4,魔法伤害增加4
魔法ダメージ増★,魔法伤害增加★
バトンタッチ威力増1,换手威力增加1
バトンタッチ威力増2,换手威力增加2
バトンタッチ威力増3,换手威力增加3
バトンタッチ威力増4,换手威力增加4
バトンタッチ威力増★,换手威力增加★
先制時ダメージ増1,先制时伤害增加1
先制時ダメージ増2,先制时伤害增加2
先制時ダメージ増3,先制时伤害增加3
先制時ダメージ増4,先制时伤害增加4
先制時ダメージ増★,先制时伤害增加★
1more時威力増1,1more时威力增加1
1more時威力増2,1more时威力增加2
1more時威力増3,1more时威力增加3
1more時威力増4,1more时威力增加4
1more時威力増★,1more时威力增加★
状態異常数で威力増1,依异常状态数威力增加1
状態異常数で威力増2,依异常状态数威力增加2
状態異常数で威力増3,依异常状态数威力增加3
状態異常数で威力増4,依异常状态数威力增加4
状態異常数で威力増★,依异常状态数威力增加★
物理威力増・小,物理威力增加·小
物理威力増・中,物理威力增加·中
物理威力増・大,物理威力增加·大
回復コストダウン・小,恢复消耗减少·小
回復コストダウン・中,恢复消耗减少·中
回復コストダウン・大,恢复消耗减少·大
魔法威力増・小,魔法威力增加·小
魔法威力増・中,魔法威力增加·中
魔法威力増・大,魔法威力增加·大
物理コストダウン・小,物理消耗减少·小
物理コストダウン・中,物理消耗减少·中
物理コストダウン・大,物理消耗减少·大
魔法コストダウン・小,魔法消耗减少·小
魔法コストダウン・中,魔法消耗减少·中
魔法コストダウン・大,魔法消耗减少·大
テクニカル威力増・小,TECHNICAL威力增加·小
テクニカル威力増・中,TECHNICAL威力增加·中
テクニカル威力増・大,TECHNICAL威力增加·大
攻撃コストダウン・小,攻击消耗减少·小
攻撃コストダウン・中,攻击消耗减少·中
攻撃コストダウン・大,攻击消耗减少·大
クリティカル威力増小,暴击威力增加小
クリティカル威力増中,暴击威力增加中
クリティカル威力増大,暴击威力增加大
主人公,主角
坂本 竜司,坂本 龙司
モルガナ,摩尔加纳
高巻 杏,高卷 杏
喜多川 祐介,喜多川 佑介
新島 真,新岛 真
奥村 春,奥村 春
佐倉 双葉,佐仓 双叶
芳澤 かすみ,芳泽 霞
佐倉 惣治郎,佐仓 惣治郎
御船 千早,御船 千早
岩井 宗久,岩井 宗久
武見 妙,武见 妙
川上 貞代,川上 贞代
大宅 一子,大宅 一子
織田 信也,织田 信也
東郷 一二三,东乡 一二三
三島 由輝,三岛 由辉
吉田 寅之助,吉田 寅之助
新島 冴,新岛 冴
イゴール,伊格尔
店長,店长
マネージャー,经纪人
ララ,拉拉
ベッキー,贝琦
坂本,坂本
高巻,高卷
喜多川,喜多川
新島,新岛
奥村,奥村
佐倉,佐仓
明智,明智
芳澤,芳泽
御船,御船
岩井,岩井
武見,武见
川上,川上
大宅,大宅
織田,织田
東郷,东乡
三島,三岛
吉田,吉田
丸喜,丸喜
竜司,龙司
杏,杏
祐介,佑介
真,真
春,春
双葉,双叶
吾郎,吾郎
かすみ,霞
惣治郎,惣治郎
千早,千早
宗久,宗久
妙,妙
貞代,贞代
一子,一子
信也,信也
一二三,一二三
由輝,由辉
寅之助,寅之助
冴,冴
拓人,拓人
すみれ,堇
トカチェフ,托卡其夫
ガバナンス,盖巴南斯
マッドポリス,疯狂警察
マカロノフ,马卡罗福
極・破壊神皇,极·破坏神皇
ジグ・227,西格·227
極・万魔の銃,极·万魔枪
黒い模擬銃,黑色模拟枪
レビンソンM31,雷宾逊M31
グラネリM3,格拉尼利M3
ブランコ・サバス,法兰克萨巴斯
ファイアワークス,烟花
パンプキンバスタ,南瓜炸裂弹
メギドブラスター,米吉多爆能枪
パンプキンボム,南瓜炸弹
マスターキー,万能钥匙
リバージョン,逆转
ヘルファイア,地狱之火
シュライク,伯劳鸟
キャットバスタ,瞌睡破坏者
コメット3,彗星3
極・スダルサナ,极·善见神轮
夜夢岩弩,夜梦岩弩
ファルコン,隼鹰
キャットナップ,瞌睡虫
ノーザンライト,北极光
流れ星,流星
巨星落砲,巨星落炮
マシンガンレプリカ,仿制机关枪
トルーパー,骑兵
ブリッツMG,闪雷MG
ノーマーシー,冷血
ウェスタンSMG,卫斯坦SMG
飛燕連発砲,飞燕连发炮
バラライカ,巴拉莱卡
スターリッジ,斯塔利吉
ピンクショット,粉红射手
ピンクバスタ,粉红炸弹客
グングニル,永恒之枪
タランチュラ,捕鸟蛛
突撃銃レプリカ,仿制突击步枪
ブラックアサルト,黑色突击
ヘビーアサルト,重型突击
アナイアレイター,歼灭者
AR－X,AR－X
火筒,火筒
九頭竜の大豪砲,九头龙大豪炮
プロヴィデンス,天帝
九頭竜の豪砲,九头龙豪炮
反逆のライフル,反叛步枪
STAR－H,STAR－H
竜雷砲,龙雷炮
ヘヴンズゲイト,天堂之门
リボルバーレプリカ,仿制左轮
ピースメイカー,和平使者
鈴星回転拳銃,铃星回转手枪
極・ミルリアナ,极·米利亚那
ジャッジエンド,审判终结
ノンリミテッド,无限
ミルリアナ,米利亚那
ワイルドボーン,野角
バプティスト,浸礼
オロチ,大蛇
トワイライト,暮光
ジャッジオブヘル,地狱审判
怒髪天,怒发冲冠
カラミティガン,瘟神枪
鬼雷砲,鬼雷炮
メギドファイア,米吉多之火
GLレプリカ,仿制GL
ネコパンチバズ,猫拳火箭炮
スコーチャー,酷热
ネコパンチボンバ,猫拳炸弹
イレイスガン,消除枪
ミル・コウ,米尔科姆
極・ヤグルシ,极·巴力雷棍
タウンバーナー,燃城
パンデモニアム,魔窟
ヤグルシ,巴力雷棍
ファントムキラー,幻影杀手
ワイルドハント,狂野狩猎
メヴィウス,梅比乌斯
シリウス,天狼星
レッドファイブ,红五
スリングボウ,弹弓枪
ユートピア,乌托邦
スダルサナ,善见神轮
フロムヘヴン,源天
ドゥームズデイ,毁灭日
エンシェントデイ,亘古常在者
R.I.ピストル,R·I·手枪
冒頭カジノ用,开头赌场用
サハスラーラ,千瓣莲花
極・サハスラーラ,极·千瓣莲花
破壊神皇,破坏神皇
サンドホーク,沙漠之鹰
エリミネーター,艾米尼塔
深紅の銃,深红之枪
マウザー,毛瑟枪
イエローガール,黄衣女孩
コサイタス,悲叹冥河
万魔の銃,万魔枪
Wライフルレプリカ,仿制双管步枪
かすみカジノ戦銃,霞赌场战枪
ルーズベルト,罗斯福
